Survived,Sex,Age,SibSp,Parch,Fare,Cabin,Embarked C,Embarked Q,Embarked S,Pclass 1,Pclass 2,Pclass 3
1.0,0,-0.14607066614934347,-0.47908676070718687,-0.444999501816175,-0.39241739267419806,0,0,0,1,0,1,0
1.0,0,-1.3108232678982144,-0.47908676070718687,-0.444999501816175,-0.5039970335514509,0,1,0,0,0,0,1
1.0,0,0.009229680750505998,-0.47908676070718687,-0.444999501816175,0.4569629982638023,1,1,0,0,1,0,0
1.0,1,0.0,-0.47908676070718687,-0.444999501816175,-0.05405118428854556,1,0,0,1,1,0,0
1.0,1,-0.2237208395992682,-0.47908676070718687,-0.444999501816175,-0.5089120444184012,0,0,0,1,0,0,1
1.0,1,0.0,-0.47908676070718687,-0.444999501816175,0.0426248752502123,1,0,0,1,1,0,0
1.0,1,-2.0873250023974617,3.3624113695574844,1.8665256881734007,-0.03689118372041605,0,0,0,1,0,0,1
1.0,1,-0.7672720537487413,0.481287771858981,-0.444999501816175,-0.4905435931060373,0,0,0,1,0,0,1
1.0,1,1.6398833231989254,-0.47908676070718687,-0.444999501816175,-0.13042527132416426,1,0,0,1,1,0,0
1.0,0,-0.2237208395992682,-0.47908676070718687,0.7107630931786129,-0.40256837892576763,1,0,0,1,0,0,1
1.0,1,0.0,-0.47908676070718687,-0.444999501816175,-0.3757407724037623,0,1,0,0,0,1,0
1.0,0,-1.3108232678982144,-0.47908676070718687,-0.444999501816175,-0.5039970335514509,0,1,0,0,0,0,1
1.0,0,0.9410317621496027,0.481287771858981,-0.444999501816175,-0.14105963787342762,0,0,0,1,0,1,0
1.0,0,-0.45667135994904234,-0.47908676070718687,1.8665256881734007,-0.32087710861551727,1,0,0,1,0,0,1
1.0,0,1.5622331497490005,-0.47908676070718687,-0.444999501816175,-0.440755422443577,0,0,0,1,0,1,0
1.0,0,1.406932802849151,0.481287771858981,1.8665256881734007,0.6130136265288837,0,0,0,1,0,1,0
1.0,1,-1.4661236147980639,0.481287771858981,1.8665256881734007,1.67645028145522,1,0,0,1,1,0,0
1.0,1,0.16453002765035546,-0.47908676070718687,-0.444999501816175,-0.49191252610910613,0,0,0,1,0,0,1
1.0,0,0.7080812417998286,0.481287771858981,0.7107630931786129,0.8962744809774443,1,0,0,1,1,0,0
1.0,0,-2.262037892659792,1.4416623044251486,0.7107630931786129,-0.27141183599191643,0,1,0,0,0,0,1
1.0,1,-2.2558258787837984,-0.47908676070718687,1.8665256881734007,-0.08305400215017292,0,0,0,1,0,1,0
1.0,0,-0.2237208395992682,-0.47908676070718687,-0.444999501816175,-0.4905435931060373,0,0,0,1,0,0,1
1.0,1,0.0,-0.47908676070718687,-0.444999501816175,0.4485831174229828,0,0,0,1,0,0,1
1.0,1,1.4845829762990759,0.481287771858981,-0.444999501816175,1.0790734413957093,1,1,0,0,1,0,0
1.0,0,1.8728338435486995,0.481287771858981,-0.444999501816175,0.5047364398454749,0,1,0,0,1,0,0
1.0,0,-0.37902118649911765,-0.47908676070718687,0.7107630931786129,-0.14105963787342762,0,0,0,1,0,1,0
1.0,1,0.009229680750505998,-0.47908676070718687,-0.444999501816175,-0.4600906343513286,0,0,0,1,0,0,1
1.0,1,-0.2237208395992682,-0.47908676070718687,-0.444999501816175,-0.5089120444184012,0,0,0,1,0,0,1
1.0,0,-0.06842049269941873,-0.47908676070718687,-0.444999501816175,-0.440755422443577,1,0,0,1,0,1,0
1.0,0,-0.45667135994904234,-0.47908676070718687,1.8665256881734007,-0.32087710861551727,1,0,0,1,0,0,1
1.0,0,0.0,-0.47908676070718687,-0.444999501816175,-0.4941689453387407,0,0,1,0,0,0,1
1.0,0,0.3198303745502049,-0.47908676070718687,0.7107630931786129,-0.19906527359668233,0,0,0,1,0,1,0
1.0,1,-2.242625349297311,0.481287771858981,1.8665256881734007,-0.2459531624729799,0,0,0,1,0,0,1
1.0,0,1.71753349664885,0.481287771858981,-0.444999501816175,0.8695280823454514,1,1,0,0,1,0,0
1.0,0,1.406932802849151,-0.47908676070718687,-0.444999501816175,-0.1424285708764964,1,0,0,1,1,0,0
1.0,0,-0.14607066614934347,-0.47908676070718687,-0.444999501816175,-0.39918471684191115,0,0,0,1,0,1,0
1.0,0,0.0,-0.47908676070718687,-0.444999501816175,-0.40498528041423654,1,0,1,0,0,1,0
1.0,0,0.39748054800012966,-0.47908676070718687,-0.444999501816175,1.9787234497726727,1,0,0,1,1,0,0
1.0,0,0.0,0.481287771858981,-0.444999501816175,-0.3440793629048191,0,0,1,0,0,0,1
1.0,1,1.406932802849151,0.481287771858981,-0.444999501816175,0.36165587172811325,1,0,0,1,1,0,0
1.0,0,0.009229680750505998,-0.47908676070718687,-0.444999501816175,0.4569629982638023,1,1,0,0,1,0,0
1.0,1,-2.242625349297311,1.4416623044251486,0.7107630931786129,0.1102981169273428,1,0,0,1,0,1,0
1.0,1,-2.1649751758473865,0.481287771858981,0.7107630931786129,-0.14105963787342762,1,0,0,1,0,1,0
1.0,0,-0.06842049269941873,0.481287771858981,-0.444999501816175,-0.14105963787342762,0,0,0,1,0,1,0
1.0,0,0.0,-0.47908676070718687,-0.444999501816175,-0.49392725518989383,0,0,1,0,0,0,1
1.0,0,0.0,0.481287771858981,-0.444999501816175,-0.3440793629048191,0,0,1,0,0,0,1
1.0,1,0.0,-0.47908676070718687,-0.444999501816175,-0.05405118428854556,1,0,0,1,1,0,0
1.0,0,0.0,-0.47908676070718687,-0.444999501816175,0.8875736356189561,0,1,0,0,1,0,0
1.0,0,0.7080812417998286,0.481287771858981,0.7107630931786129,0.8962744809774443,1,0,0,1,1,0,0
1.0,0,-0.6119717068488918,-0.47908676070718687,1.8665256881734007,0.3133178419587343,1,1,0,0,1,0,0
1.0,0,0.6304310683499038,-0.47908676070718687,-0.444999501816175,3.755468941836208,1,1,0,0,1,0,0
1.0,0,-0.45667135994904234,-0.47908676070718687,1.8665256881734007,-0.32087710861551727,1,0,0,1,0,0,1
1.0,0,1.8728338435486995,0.481287771858981,-0.444999501816175,0.8695280823454514,1,1,0,0,1,0,0
1.0,1,0.47513072145005436,-0.47908676070718687,-0.444999501816175,-0.1335672432591739,1,0,0,1,1,0,0
1.0,0,1.0963321090494522,-0.47908676070718687,-0.444999501816175,-0.10778760522256871,1,1,0,0,1,0,0
1.0,0,0.7080812417998286,0.481287771858981,0.7107630931786129,0.964108204913409,1,1,0,0,1,0,0
1.0,0,0.9410317621496027,-0.47908676070718687,-0.444999501816175,-0.39241739267419806,0,0,0,1,0,1,0
1.0,0,0.39748054800012966,0.481287771858981,-0.444999501816175,0.9702316665245938,1,0,0,1,1,0,0
1.0,1,-0.45667135994904234,-0.47908676070718687,-0.444999501816175,-0.5056888645933791,0,0,0,1,0,0,1
1.0,1,-0.7672720537487413,0.481287771858981,-0.444999501816175,-0.4905435931060373,0,0,0,1,0,0,1
1.0,1,0.16453002765035546,-0.47908676070718687,-0.444999501816175,-0.48812669161756833,1,0,0,1,0,0,1
1.0,0,0.0,-0.47908676070718687,-0.444999501816175,-0.5040782414414634,0,1,0,0,0,0,1
1.0,1,1.4845829762990759,0.481287771858981,-0.444999501816175,1.0790734413957093,1,1,0,0,1,0,0
1.0,0,-0.9225724006485907,1.4416623044251486,1.8665256881734007,4.42930107682135,1,1,0,0,1,0,0
1.0,0,1.5622331497490005,-0.47908676070718687,-0.444999501816175,-0.440755422443577,0,0,0,1,0,1,0
1.0,1,0.47513072145005436,-0.47908676070718687,0.7107630931786129,9.262218501053868,1,1,0,0,1,0,0
1.0,0,1.9504840169986242,-0.47908676070718687,-0.444999501816175,-0.33441175695094333,0,0,0,1,0,1,0
1.0,0,-0.06842049269941873,-0.47908676070718687,-0.444999501816175,-0.440755422443577,1,0,0,1,0,1,0
1.0,0,-0.9225724006485907,-0.47908676070718687,-0.444999501816175,-0.45348379244244985,0,0,0,1,0,0,1
1.0,0,0.39748054800012966,0.481287771858981,-0.444999501816175,0.38292460482664,1,0,0,1,1,0,0
1.0,1,-2.2558258787837984,-0.47908676070718687,1.8665256881734007,-0.08305400215017292,0,0,0,1,0,1,0
1.0,1,0.0,-0.47908676070718687,-0.444999501816175,-0.39241739267419806,0,0,0,1,0,1,0
1.0,0,-1.0778727475484402,-0.47908676070718687,-0.444999501816175,-0.49392725518989383,0,0,1,0,0,0,1
1.0,0,-0.45667135994904234,2.4020368369913165,1.8665256881734007,4.441385584263695,1,0,0,1,1,0,0
1.0,0,-0.37902118649911765,-0.47908676070718687,0.7107630931786129,-0.14105963787342762,0,0,0,1,0,1,0
1.0,1,-0.2237208395992682,-0.47908676070718687,-0.444999501816175,-0.05405118428854556,0,0,0,1,1,0,0
1.0,0,-1.0778727475484402,-0.47908676070718687,-0.444999501816175,1.0287206825455424,1,0,0,1,1,0,0
1.0,0,-2.009674828947537,1.4416623044251486,0.7107630931786129,0.1102981169273428,1,0,0,1,0,1,0
1.0,0,-0.2237208395992682,-0.47908676070718687,-0.444999501816175,-0.440755422443577,1,0,0,1,0,1,0
1.0,0,-0.6119717068488918,-0.47908676070718687,-0.444999501816175,-0.49344387489220004,0,0,0,1,0,0,1
1.0,1,0.16453002765035546,-0.47908676070718687,-0.444999501816175,-0.49191252610910613,0,0,0,1,0,0,1
1.0,1,-1.0778727475484402,-0.47908676070718687,-0.444999501816175,-0.48812669161756833,0,0,0,1,0,0,1
1.0,0,0.24218020110028018,2.4020368369913165,-0.444999501816175,-0.3373120387371061,0,0,0,1,0,0,1
1.0,1,-0.06842049269941873,-0.47908676070718687,-0.444999501816175,-0.4911081812937436,0,1,0,0,0,0,1
1.0,0,-0.06842049269941873,-0.47908676070718687,1.8665256881734007,-0.3489943737717696,0,1,0,0,0,0,1
1.0,1,0.47513072145005436,-0.47908676070718687,0.7107630931786129,9.262218501053868,1,1,0,0,1,0,0
1.0,1,0.16453002765035546,-0.47908676070718687,-0.444999501816175,0.4485831174229828,0,0,0,1,0,0,1
1.0,0,0.3198303745502049,-0.47908676070718687,0.7107630931786129,-0.19906527359668233,0,0,0,1,0,1,0
1.0,1,-0.14607066614934347,-0.47908676070718687,-0.444999501816175,0.0426248752502123,1,0,0,1,1,0,0
1.0,0,0.47513072145005436,0.481287771858981,-0.444999501816175,-0.14105963787342762,0,0,0,1,0,1,0
1.0,0,-0.14607066614934347,0.481287771858981,-0.444999501816175,-0.14105963787342762,0,0,0,1,0,1,0
1.0,0,0.39748054800012966,-0.47908676070718687,-0.444999501816175,9.262218501053868,0,1,0,0,1,0,0
1.0,0,-0.45667135994904234,-0.47908676070718687,-0.444999501816175,0.31339904984874684,1,1,0,0,1,0,0
1.0,0,0.0,0.481287771858981,-0.444999501816175,1.0790734413957093,1,1,0,0,1,0,0
1.0,0,-0.45667135994904234,-0.47908676070718687,-0.444999501816175,-0.39241739267419806,1,0,0,1,0,1,0
1.0,0,-0.45667135994904234,1.4416623044251486,3.022288283168189,-0.2812399242046265,0,0,0,1,0,1,0
1.0,0,-2.009674828947537,-0.47908676070718687,0.7107630931786129,-0.384360409872238,0,1,0,0,0,0,1
1.0,0,-2.242625349297311,-0.47908676070718687,1.8665256881734007,-0.33940604218671555,0,1,0,0,0,0,1
1.0,0,0.7857314152497533,-0.47908676070718687,-0.444999501816175,-0.33924555992788125,0,0,0,1,0,1,0
1.0,0,0.7080812417998286,0.481287771858981,-0.444999501816175,0.4370631981683443,1,0,0,1,1,0,0
1.0,0,0.6304310683499038,-0.47908676070718687,-0.444999501816175,3.755468941836208,1,1,0,0,1,0,0
1.0,1,-0.14607066614934347,-0.47908676070718687,-0.444999501816175,0.0426248752502123,1,0,0,1,1,0,0
1.0,0,0.6304310683499038,0.481287771858981,5.333813473157765,-0.03689118372041605,0,0,0,1,0,0,1
1.0,1,1.4845829762990759,0.481287771858981,-0.444999501816175,0.4569629982638023,1,1,0,0,1,0,0
1.0,0,-0.14607066614934347,-0.47908676070718687,-0.444999501816175,-0.39241739267419806,0,0,0,1,0,1,0
1.0,0,0.39748054800012966,-0.47908676070718687,-0.444999501816175,1.9787234497726727,1,0,0,1,1,0,0
1.0,0,1.1739822824993769,0.481287771858981,0.7107630931786129,2.543957433556738,0,0,0,1,1,0,0
1.0,1,-1.0778727475484402,-0.47908676070718687,-0.444999501816175,-0.48812669161756833,0,0,0,1,0,0,1
1.0,0,-0.534321533398967,0.481287771858981,-0.444999501816175,1.546420981375591,1,1,0,0,1,0,0
1.0,0,0.39748054800012966,-0.47908676070718687,-0.444999501816175,1.9787234497726727,1,0,0,1,1,0,0
1.0,0,0.39748054800012966,0.481287771858981,-0.444999501816175,1.096393924222673,1,0,0,1,1,0,0
1.0,1,-2.0873250023974617,0.481287771858981,0.7107630931786129,-0.14105963787342762,1,0,0,1,0,1,0
1.0,1,0.08687985420043072,-0.47908676070718687,-0.444999501816175,-0.39241739267419806,0,0,0,1,0,1,0
1.0,1,0.0,-0.47908676070718687,-0.444999501816175,-0.3757407724037623,0,1,0,0,0,1,0
1.0,1,-0.7672720537487413,-0.47908676070718687,-0.444999501816175,-0.5039970335514509,0,1,0,0,0,0,1
1.0,0,-1.0778727475484402,-0.47908676070718687,-0.444999501816175,-0.49392725518989383,0,0,1,0,0,0,1
1.0,0,-1.0002225740985156,-0.47908676070718687,-0.444999501816175,-0.4117526045819496,0,1,0,0,0,1,0
1.0,1,0.0,-0.47908676070718687,-0.444999501816175,0.4485831174229828,0,0,0,1,0,0,1
1.0,1,0.0,-0.47908676070718687,-0.444999501816175,-0.06951935381474683,1,1,0,0,1,0,0
1.0,0,0.0,0.481287771858981,-0.444999501816175,-0.17682977990276808,0,0,1,0,0,0,1
1.0,0,0.0,0.481287771858981,-0.444999501816175,-0.17682977990276808,0,0,1,0,0,0,1
1.0,1,-0.6119717068488918,-0.47908676070718687,-0.444999501816175,-0.5040782414414634,0,1,0,0,0,0,1
1.0,0,-1.3108232678982144,-0.47908676070718687,-0.444999501816175,-0.5039970335514509,0,1,0,0,0,0,1
1.0,0,2.1834345373483983,-0.47908676070718687,-0.444999501816175,2.1892355694183183,1,1,0,0,1,0,0
1.0,0,-1.0002225740985156,-0.47908676070718687,-0.444999501816175,-0.440755422443577,0,0,0,1,0,1,0
1.0,0,-0.45667135994904234,-0.47908676070718687,-0.444999501816175,-0.39241739267419806,1,0,0,1,0,1,0
1.0,0,-0.45667135994904234,0.481287771858981,-0.444999501816175,-0.14105963787342762,0,0,0,1,0,1,0
1.0,0,-0.844922227198666,-0.47908676070718687,-0.444999501816175,-0.4914291458114123,0,0,1,0,0,0,1
1.0,0,-0.14607066614934347,0.481287771858981,-0.444999501816175,-0.17973006168893077,0,1,0,0,0,1,0
1.0,0,1.5622331497490005,-0.47908676070718687,-0.444999501816175,-0.440755422443577,0,0,0,1,0,1,0
1.0,0,-0.45667135994904234,0.481287771858981,-0.444999501816175,-0.14105963787342762,0,0,0,1,0,1,0
1.0,0,0.39748054800012966,0.481287771858981,-0.444999501816175,0.36165587172811325,0,0,0,1,1,0,0
1.0,1,-2.268249906535786,0.481287771858981,0.7107630931786129,-0.3634145748125707,0,0,0,1,0,1,0
1.0,0,-2.242625349297311,-0.47908676070718687,1.8665256881734007,-0.33940604218671555,0,1,0,0,0,0,1
1.0,1,-0.37902118649911765,-0.47908676070718687,-0.444999501816175,-0.6437751474749684,0,0,0,1,0,0,1
1.0,0,-0.6119717068488918,-0.47908676070718687,-0.444999501816175,-0.49344387489220004,0,0,0,1,0,0,1
1.0,0,-0.14607066614934347,-0.47908676070718687,-0.444999501816175,-0.39241739267419806,0,0,0,1,0,1,0
1.0,0,-0.844922227198666,-0.47908676070718687,-0.444999501816175,-0.4914291458114123,0,0,1,0,0,0,1
1.0,0,-0.534321533398967,2.4020368369913165,1.8665256881734007,4.441385584263695,1,0,0,1,1,0,0
1.0,0,0.3198303745502049,0.481287771858981,0.7107630931786129,-0.015380760473042411,0,0,0,1,0,1,0
1.0,1,-0.2237208395992682,-0.47908676070718687,-0.444999501816175,-0.4762838743240705,0,0,0,1,0,0,1
1.0,0,0.9410317621496027,-0.47908676070718687,-0.444999501816175,3.755468941836208,0,1,0,0,1,0,0
1.0,0,0.7857314152497533,-0.47908676070718687,-0.444999501816175,-0.39241739267419806,0,0,0,1,0,1,0
1.0,0,0.39748054800012966,0.481287771858981,-0.444999501816175,0.9702316665245938,1,0,0,1,1,0,0
1.0,0,1.5622331497490005,-0.47908676070718687,0.7107630931786129,-0.14105963787342762,0,0,0,1,0,1,0
1.0,0,-1.0002225740985156,0.481287771858981,-0.444999501816175,0.4583319312668711,1,0,0,1,1,0,0
1.0,0,0.08687985420043072,0.481287771858981,0.7107630931786129,-0.24691992306836752,0,0,0,1,0,0,1
1.0,0,0.2033551143753178,-0.47908676070718687,-0.444999501816175,-0.39241739267419806,1,0,0,1,0,1,0
1.0,0,-0.6119717068488918,-0.47908676070718687,1.8665256881734007,0.3133178419587343,1,1,0,0,1,0,0
1.0,0,-0.9225724006485907,-0.47908676070718687,0.7107630931786129,-0.46299091613749127,0,0,0,1,0,0,1
1.0,0,0.0,-0.47908676070718687,0.7107630931786129,0.41966150745136793,1,0,0,1,1,0,0
1.0,1,3.891738353246742,-0.47908676070718687,-0.444999501816175,-0.06371879024242134,1,0,0,1,1,0,0
1.0,1,-0.3013710130491929,-0.47908676070718687,-0.444999501816175,0.4485831174229828,0,0,0,1,0,0,1
1.0,0,-1.0778727475484402,-0.47908676070718687,0.7107630931786129,0.4772649707669414,1,1,0,0,1,0,0
1.0,1,-0.7672720537487413,0.481287771858981,-0.444999501816175,-0.4905435931060373,0,0,0,1,0,0,1
1.0,0,-0.2237208395992682,-0.47908676070718687,1.8665256881734007,-0.428510432742398,0,0,0,1,0,0,1
1.0,0,-1.0778727475484402,-0.47908676070718687,-0.444999501816175,1.0287206825455424,1,0,0,1,1,0,0
1.0,1,-0.37902118649911765,-0.47908676070718687,-0.444999501816175,-0.6437751474749684,0,0,0,1,0,0,1
1.0,0,0.009229680750505998,-0.47908676070718687,-0.444999501816175,1.0287206825455424,1,0,0,1,1,0,0
1.0,1,0.0,-0.47908676070718687,-0.444999501816175,-0.06371879024242134,1,0,0,1,1,0,0
1.0,0,0.7857314152497533,-0.47908676070718687,-0.444999501816175,-0.33924555992788125,0,0,0,1,0,1,0
1.0,0,1.0186819355995274,-0.47908676070718687,0.7107630931786129,3.4424801990794793,1,0,0,1,1,0,0
1.0,0,0.24218020110028018,0.481287771858981,-0.444999501816175,1.096393924222673,1,0,1,0,1,0,0
1.0,1,0.3198303745502049,-0.47908676070718687,-0.444999501816175,-0.13042527132416426,0,0,0,1,1,0,0
1.0,1,0.16453002765035546,-0.47908676070718687,-0.444999501816175,0.4485831174229828,0,0,0,1,0,0,1
1.0,0,-0.06842049269941873,0.481287771858981,-0.444999501816175,-0.14105963787342762,0,0,0,1,0,1,0
1.0,0,0.0,0.481287771858981,-0.444999501816175,1.0790734413957093,1,1,0,0,1,0,0
1.0,0,1.5622331497490005,-0.47908676070718687,-0.444999501816175,-0.440755422443577,0,0,0,1,0,1,0
1.0,0,-1.0002225740985156,0.481287771858981,-0.444999501816175,1.4618294292791778,1,1,0,0,1,0,0
1.0,1,0.009229680750505998,-0.47908676070718687,-0.444999501816175,-0.4600906343513286,0,0,0,1,0,0,1
1.0,0,-0.6896218802988165,-0.47908676070718687,-0.444999501816175,-0.440755422443577,0,0,0,1,0,1,0
1.0,1,-0.2237208395992682,-0.47908676070718687,-0.444999501816175,-0.05405118428854556,0,0,0,1,1,0,0
1.0,1,-2.242625349297311,-0.47908676070718687,1.8665256881734007,0.07170890100185216,0,1,0,0,0,1,0
1.0,0,-0.6119717068488918,0.481287771858981,-0.444999501816175,0.643949965581286,1,0,0,1,1,0,0
1.0,0,1.8728338435486995,0.481287771858981,-0.444999501816175,0.5047364398454749,0,1,0,0,1,0,0
1.0,0,1.406932802849151,0.481287771858981,-0.444999501816175,0.12189924407199378,1,1,0,0,1,0,0
1.0,0,0.39748054800012966,-0.47908676070718687,-0.444999501816175,-0.23773569741218548,0,0,0,1,0,1,0
1.0,0,0.7080812417998286,0.481287771858981,0.7107630931786129,0.964108204913409,1,1,0,0,1,0,0
1.0,0,0.0,-0.47908676070718687,-0.444999501816175,-0.5040782414414634,0,1,0,0,0,0,1
1.0,0,-0.2237208395992682,-0.47908676070718687,-0.444999501816175,-0.4905435931060373,0,0,0,1,0,0,1
1.0,0,0.47513072145005436,0.481287771858981,-0.444999501816175,-0.30734246028009116,0,0,0,1,0,0,1
1.0,1,0.47513072145005436,-0.47908676070718687,-0.444999501816175,-0.1335672432591739,1,0,0,1,1,0,0
1.0,1,1.1739822824993769,-0.47908676070718687,-0.444999501816175,-0.48812669161756833,0,0,0,1,0,0,1
1.0,1,-0.9225724006485907,-0.47908676070718687,-0.444999501816175,-0.48812669161756833,0,0,0,1,0,0,1
1.0,0,0.0,-0.47908676070718687,-0.444999501816175,1.5001769550558215,0,1,0,0,1,0,0
1.0,1,0.0,-0.47908676070718687,-0.444999501816175,0.0426248752502123,1,0,0,1,1,0,0
1.0,0,-2.009674828947537,0.481287771858981,0.7107630931786129,-0.19906527359668233,0,0,0,1,0,1,0
1.0,0,1.71753349664885,0.481287771858981,0.7107630931786129,1.1640671658998034,1,0,0,1,1,0,0
1.0,1,0.0,-0.47908676070718687,-0.444999501816175,-0.13042527132416426,0,0,0,1,1,0,0
1.0,0,-0.06842049269941873,0.481287771858981,-0.444999501816175,-0.14105963787342762,0,0,0,1,0,1,0
1.0,0,0.39748054800012966,0.481287771858981,-0.444999501816175,0.38292460482664,1,0,0,1,1,0,0
1.0,0,-1.8543744820476875,-0.47908676070718687,0.7107630931786129,-0.005713154519166626,0,0,0,1,0,1,0
1.0,0,-0.844922227198666,0.481287771858981,-0.444999501816175,-0.49191252610910613,0,0,0,1,0,0,1
1.0,0,-0.45667135994904234,-0.47908676070718687,-0.444999501816175,-0.39241739267419806,1,0,0,1,0,1,0
1.0,1,0.08687985420043072,-0.47908676070718687,-0.444999501816175,-0.4905435931060373,0,0,0,1,0,0,1
1.0,0,0.0,1.4416623044251486,-0.444999501816175,-0.19423147061974444,0,0,1,0,0,0,1
1.0,0,0.009229680750505998,-0.47908676070718687,-0.444999501816175,-0.40498528041423654,0,0,1,0,0,1,0
1.0,0,2.494035231148097,-0.47908676070718687,-0.444999501816175,0.9030418051451572,1,0,0,1,1,0,0
1.0,1,0.0,0.481287771858981,0.7107630931786129,-0.3489943737717696,0,1,0,0,0,0,1
1.0,1,-2.242625349297311,0.481287771858981,1.8665256881734007,-0.2459531624729799,0,0,0,1,0,0,1
1.0,0,-1.2331730944482897,0.481287771858981,-0.444999501816175,-0.06234985723935256,0,1,0,0,0,1,0
1.0,0,-0.844922227198666,0.481287771858981,-0.444999501816175,1.1172604849135184,1,1,0,0,1,0,0
1.0,1,0.39748054800012966,-0.47908676070718687,-0.444999501816175,9.262218501053868,1,1,0,0,1,0,0
1.0,0,0.39748054800012966,-0.47908676070718687,-0.444999501816175,9.262218501053868,0,1,0,0,1,0,0
1.0,0,-1.3108232678982144,-0.47908676070718687,0.7107630931786129,-0.26673851527381287,0,0,0,1,0,1,0
1.0,1,1.406932802849151,0.481287771858981,-0.444999501816175,0.36165587172811325,1,0,0,1,1,0,0
1.0,1,0.7080812417998286,-0.47908676070718687,-0.444999501816175,-0.4905435931060373,0,0,0,1,0,0,1
1.0,0,0.0,0.481287771858981,-0.444999501816175,-0.3440793629048191,0,0,1,0,0,0,1
1.0,0,2.1834345373483983,-0.47908676070718687,-0.444999501816175,2.1892355694183183,1,1,0,0,1,0,0
1.0,0,-1.0778727475484402,-0.47908676070718687,-0.444999501816175,-0.49392725518989383,0,0,1,0,0,0,1
1.0,0,-1.7767243085977626,-0.47908676070718687,1.8665256881734007,-0.13622583489648973,0,0,0,1,0,1,0
1.0,1,-1.8543744820476875,-0.47908676070718687,0.7107630931786129,-0.40256837892576763,1,0,0,1,0,0,1
1.0,0,-0.14607066614934347,0.481287771858981,-0.444999501816175,-0.14105963787342762,0,0,0,1,0,1,0
1.0,0,0.6304310683499038,-0.47908676070718687,-0.444999501816175,3.755468941836208,1,1,0,0,1,0,0
1.0,0,-1.1555229209983648,0.481287771858981,-0.444999501816175,-0.3643001275179457,0,1,0,0,0,0,1
1.0,0,0.24218020110028018,0.481287771858981,-0.444999501816175,0.38292460482664,1,0,0,1,1,0,0
1.0,1,1.4845829762990759,0.481287771858981,-0.444999501816175,1.0790734413957093,1,1,0,0,1,0,0
1.0,1,-0.06842049269941873,-0.47908676070718687,-0.444999501816175,-0.4911081812937436,0,1,0,0,0,0,1
1.0,0,0.7857314152497533,-0.47908676070718687,-0.444999501816175,-0.39241739267419806,0,0,0,1,0,1,0
1.0,0,0.0,0.481287771858981,-0.444999501816175,-0.3440793629048191,0,0,1,0,0,0,1
1.0,0,1.0963321090494522,-0.47908676070718687,-0.444999501816175,-0.10778760522256871,1,1,0,0,1,0,0
1.0,0,-0.37902118649911765,0.481287771858981,0.7107630931786129,-0.06371879024242134,0,0,0,1,0,1,0
1.0,1,0.0,-0.47908676070718687,-0.444999501816175,-0.3757407724037623,0,1,0,0,0,1,0
1.0,0,-1.0778727475484402,-0.47908676070718687,0.7107630931786129,0.1180322016904434,1,0,0,1,1,0,0
1.0,1,-0.06842049269941873,-0.47908676070718687,-0.444999501816175,-0.49392725518989383,0,0,1,0,0,0,1
1.0,1,-0.3013710130491929,-0.47908676070718687,-0.444999501816175,-0.06371879024242134,1,1,0,0,1,0,0
1.0,0,-1.1555229209983648,-0.47908676070718687,-0.444999501816175,-0.5040782414414634,0,1,0,0,0,0,1
1.0,0,-0.844922227198666,0.481287771858981,-0.444999501816175,-0.49191252610910613,0,0,0,1,0,0,1
1.0,0,0.9410317621496027,-0.47908676070718687,-0.444999501816175,-0.39241739267419806,0,0,0,1,0,1,0
1.0,0,0.39748054800012966,0.481287771858981,-0.444999501816175,0.9702316665245938,1,0,0,1,1,0,0
1.0,0,-1.0002225740985156,3.3624113695574844,1.8665256881734007,-0.4905435931060373,0,0,0,1,0,0,1
1.0,1,0.0,-0.47908676070718687,-0.444999501816175,-0.05405118428854556,1,0,0,1,1,0,0
1.0,1,2.338734884248248,0.481287771858981,0.7107630931786129,0.8875736356189561,1,1,0,0,1,0,0
1.0,0,-0.06842049269941873,-0.47908676070718687,1.8665256881734007,-0.3489943737717696,0,1,0,0,0,0,1
1.0,0,1.406932802849151,0.481287771858981,-0.444999501816175,0.12189924407199378,1,1,0,0,1,0,0
1.0,1,-2.009674828947537,0.481287771858981,0.7107630931786129,-0.428510432742398,0,0,0,1,0,0,1
1.0,0,0.3198303745502049,-0.47908676070718687,-0.444999501816175,-0.440755422443577,1,0,0,1,0,1,0
1.0,1,3.891738353246742,-0.47908676070718687,-0.444999501816175,-0.06371879024242134,1,0,0,1,1,0,0
1.0,1,-2.0873250023974617,3.3624113695574844,1.8665256881734007,-0.03689118372041605,0,0,0,1,0,0,1
1.0,1,0.0,1.4416623044251486,-0.444999501816175,-0.19423147061974444,0,0,1,0,0,0,1
1.0,0,0.7857314152497533,-0.47908676070718687,-0.444999501816175,-0.39241739267419806,0,0,0,1,0,1,0
1.0,1,1.71753349664885,-0.47908676070718687,-0.444999501816175,-0.05405118428854556,1,0,0,1,1,0,0
1.0,1,-0.6896218802988165,-0.47908676070718687,-0.444999501816175,-0.4930417024845188,0,0,0,1,0,0,1
1.0,1,0.0,0.481287771858981,0.7107630931786129,-0.3489943737717696,0,1,0,0,0,0,1
1.0,1,-0.14607066614934347,-0.47908676070718687,-0.444999501816175,0.0426248752502123,1,0,0,1,1,0,0
1.0,1,-0.7672720537487413,0.481287771858981,0.7107630931786129,-0.33940604218671555,0,1,0,0,0,0,1
1.0,1,0.0,-0.47908676070718687,-0.444999501816175,-0.49392725518989383,0,0,1,0,0,0,1
1.0,0,-2.262037892659792,1.4416623044251486,0.7107630931786129,-0.27141183599191643,0,1,0,0,0,0,1
1.0,0,1.8728338435486995,0.481287771858981,-0.444999501816175,0.8695280823454514,1,1,0,0,1,0,0
1.0,1,0.9410317621496027,-0.47908676070718687,-0.444999501816175,-0.39241739267419806,0,0,0,1,0,1,0
1.0,1,0.0,-0.47908676070718687,-0.444999501816175,0.4485831174229828,0,0,0,1,0,0,1
1.0,1,-0.6896218802988165,-0.47908676070718687,-0.444999501816175,-0.4930417024845188,0,0,0,1,0,0,1
1.0,0,1.4845829762990759,-0.47908676070718687,-0.444999501816175,-0.1424285708764964,1,0,0,1,1,0,0
1.0,0,-0.3013710130491929,-0.47908676070718687,-0.444999501816175,0.8808063114512428,0,0,0,1,1,0,0
1.0,1,-2.0873250023974617,0.481287771858981,0.7107630931786129,-0.33634527814171855,0,0,0,1,0,0,1
1.0,0,2.1834345373483983,-0.47908676070718687,-0.444999501816175,2.1892355694183183,1,1,0,0,1,0,0
1.0,0,2.1834345373483983,-0.47908676070718687,-0.444999501816175,-0.13042527132416426,1,0,0,1,1,0,0
1.0,0,2.5716854045980218,-0.47908676070718687,-0.444999501816175,-0.4583988033094003,0,0,0,1,0,0,1
1.0,0,-0.9225724006485907,-0.47908676070718687,0.7107630931786129,-0.19906527359668233,0,0,0,1,0,1,0
1.0,1,-0.14607066614934347,-0.47908676070718687,-0.444999501816175,-0.13042527132416426,1,0,0,1,1,0,0
1.0,1,1.406932802849151,0.481287771858981,-0.444999501816175,0.8398001940372836,1,1,0,0,1,0,0
1.0,0,1.5622331497490005,-0.47908676070718687,0.7107630931786129,4.142091972101227,1,1,0,0,1,0,0
1.0,1,0.3198303745502049,-0.47908676070718687,-0.444999501816175,-0.13042527132416426,0,0,0,1,1,0,0
1.0,1,-0.3013710130491929,-0.47908676070718687,-0.444999501816175,0.4485831174229828,0,0,0,1,0,0,1
1.0,1,0.16453002765035546,-0.47908676070718687,-0.444999501816175,0.4485831174229828,0,0,0,1,0,0,1
1.0,0,-0.2237208395992682,-0.47908676070718687,-0.444999501816175,-0.4905435931060373,0,0,0,1,0,0,1
1.0,1,-0.844922227198666,-0.47908676070718687,-0.444999501816175,-0.48812669161756833,0,0,0,1,0,0,1
1.0,0,0.863381588699678,-0.47908676070718687,0.7107630931786129,-0.26673851527381287,0,0,0,1,0,1,0
1.0,1,0.3198303745502049,-0.47908676070718687,-0.444999501816175,-0.13042527132416426,0,0,0,1,1,0,0
1.0,0,-0.45667135994904234,-0.47908676070718687,3.022288283168189,-0.27141183599191643,0,1,0,0,0,0,1
1.0,1,0.08687985420043072,-0.47908676070718687,-0.444999501816175,-0.39241739267419806,0,0,0,1,0,1,0
1.0,0,1.9504840169986242,-0.47908676070718687,-0.444999501816175,-0.33441175695094333,0,0,0,1,0,1,0
1.0,0,0.0,-0.47908676070718687,-0.444999501816175,-0.49392725518989383,0,0,1,0,0,0,1
1.0,0,-0.45667135994904234,0.481287771858981,-0.444999501816175,-0.14105963787342762,0,0,0,1,0,1,0
1.0,0,0.0,0.481287771858981,-0.444999501816175,-0.33247823576016816,0,0,0,1,0,0,1
1.0,0,-1.9320246554976122,3.3624113695574844,1.8665256881734007,-0.03689118372041605,0,0,0,1,0,0,1
1.0,0,-0.844922227198666,-0.47908676070718687,-0.444999501816175,-0.14105963787342762,0,0,0,1,0,1,0
1.0,0,0.7857314152497533,-0.47908676070718687,-0.444999501816175,2.323454809918357,1,0,0,1,1,0,0
1.0,1,-0.2237208395992682,-0.47908676070718687,-0.444999501816175,-0.5089120444184012,0,0,0,1,0,0,1
1.0,0,-0.6119717068488918,-0.47908676070718687,-0.444999501816175,2.2864762171447826,0,0,0,1,1,0,0
1.0,1,0.0,-0.47908676070718687,-0.444999501816175,-0.06371879024242134,1,0,0,1,1,0,0
1.0,0,-2.1649751758473865,0.481287771858981,0.7107630931786129,-0.14105963787342762,0,0,0,1,0,1,0
1.0,0,-2.009674828947537,-0.47908676070718687,1.8665256881734007,-0.21791710520674015,0,0,0,1,0,0,1
1.0,0,0.0,0.481287771858981,-0.444999501816175,0.9450146831545043,0,1,0,0,1,0,0
1.0,0,-1.7767243085977626,-0.47908676070718687,1.8665256881734007,-0.13622583489648973,0,0,0,1,0,1,0
1.0,0,0.9410317621496027,0.481287771858981,-0.444999501816175,-0.14105963787342762,0,0,0,1,0,1,0
1.0,0,0.0,0.481287771858981,-0.444999501816175,1.0790734413957093,1,1,0,0,1,0,0
1.0,1,0.0,-0.47908676070718687,-0.444999501816175,0.4485831174229828,0,0,0,1,0,0,1
1.0,1,-0.3013710130491929,-0.47908676070718687,-0.444999501816175,0.4485831174229828,0,0,0,1,0,0,1
1.0,0,1.406932802849151,0.481287771858981,1.8665256881734007,0.6130136265288837,0,0,0,1,0,1,0
1.0,0,-1.2331730944482897,0.481287771858981,1.8665256881734007,1.67645028145522,1,0,0,1,1,0,0
1.0,0,-0.3013710130491929,-0.47908676070718687,-0.444999501816175,-0.4905435931060373,0,0,0,1,0,0,1
1.0,1,-1.0002225740985156,-0.47908676070718687,1.8665256881734007,1.5001769550558215,1,1,0,0,1,0,0
1.0,0,-0.45667135994904234,0.481287771858981,1.8665256881734007,0.6130136265288837,0,0,0,1,0,1,0
1.0,0,0.0,0.481287771858981,-0.444999501816175,0.36165587172811325,1,0,0,1,1,0,0
1.0,0,1.0963321090494522,-0.47908676070718687,0.7107630931786129,0.4772649707669414,1,1,0,0,1,0,0
1.0,0,-0.45667135994904234,-0.47908676070718687,-0.444999501816175,-0.39241739267419806,1,0,0,1,0,1,0
1.0,0,-0.14607066614934347,-0.47908676070718687,-0.444999501816175,-0.39241739267419806,0,0,0,1,0,1,0
1.0,0,1.9504840169986242,-0.47908676070718687,-0.444999501816175,-0.33441175695094333,0,0,0,1,0,1,0
1.0,1,-2.2558258787837984,-0.47908676070718687,1.8665256881734007,-0.08305400215017292,0,0,0,1,0,1,0
1.0,1,-2.242625349297311,0.481287771858981,1.8665256881734007,-0.2459531624729799,0,0,0,1,0,0,1
1.0,0,0.47513072145005436,-0.47908676070718687,-0.444999501816175,1.9787234497726727,1,1,0,0,1,0,0
1.0,0,-1.3108232678982144,-0.47908676070718687,-0.444999501816175,-0.5039970335514509,0,1,0,0,0,0,1
1.0,0,-1.0778727475484402,-0.47908676070718687,-0.444999501816175,1.0287206825455424,1,0,0,1,1,0,0
1.0,0,-0.844922227198666,-0.47908676070718687,-0.444999501816175,-0.4914291458114123,0,0,1,0,0,0,1
1.0,0,-1.1555229209983648,-0.47908676070718687,0.7107630931786129,3.4424801990794793,1,0,0,1,1,0,0
1.0,0,0.009229680750505998,-0.47908676070718687,-0.444999501816175,-0.40498528041423654,0,0,1,0,0,1,0
1.0,0,-0.2237208395992682,-0.47908676070718687,0.7107630931786129,-0.40256837892576763,1,0,0,1,0,0,1
1.0,0,1.8728338435486995,0.481287771858981,-0.444999501816175,0.8695280823454514,1,1,0,0,1,0,0
1.0,0,-0.06842049269941873,-0.47908676070718687,-0.444999501816175,-0.440755422443577,1,0,0,1,0,1,0
1.0,1,0.08687985420043072,-0.47908676070718687,-0.444999501816175,-0.4905435931060373,0,0,0,1,0,0,1
1.0,0,0.7857314152497533,0.481287771858981,0.7107630931786129,0.1102981169273428,0,0,0,1,0,1,0
1.0,0,-0.9225724006485907,-0.47908676070718687,-0.444999501816175,-0.4988422660568443,0,0,0,1,0,0,1
1.0,0,0.0,-0.47908676070718687,0.7107630931786129,0.41966150745136793,1,0,0,1,1,0,0
1.0,1,0.7080812417998286,-0.47908676070718687,-0.444999501816175,-0.4905435931060373,0,0,0,1,0,0,1
1.0,1,-2.0873250023974617,3.3624113695574844,1.8665256881734007,-0.03689118372041605,0,0,0,1,0,0,1
1.0,0,-0.844922227198666,0.481287771858981,-0.444999501816175,1.1172604849135184,1,1,0,0,1,0,0
1.0,0,1.1739822824993769,0.481287771858981,0.7107630931786129,-0.13622583489648973,0,0,0,1,0,1,0
1.0,0,0.009229680750505998,-0.47908676070718687,-0.444999501816175,1.1640671658998034,1,0,0,1,1,0,0
1.0,0,0.47513072145005436,0.481287771858981,1.8665256881734007,1.67645028145522,1,0,0,1,1,0,0
1.0,0,0.08687985420043072,0.481287771858981,0.7107630931786129,-0.13622583489648973,0,0,0,1,0,1,0
1.0,0,-0.844922227198666,0.481287771858981,-0.444999501816175,-0.49191252610910613,0,0,0,1,0,0,1
1.0,1,-2.287662449898267,-0.47908676070718687,0.7107630931786129,-0.4791029482202207,0,1,0,0,0,0,1
1.0,0,-0.534321533398967,0.481287771858981,-0.444999501816175,1.546420981375591,1,1,0,0,1,0,0
1.0,1,0.7080812417998286,-0.47908676070718687,-0.444999501816175,-0.4905435931060373,0,0,0,1,0,0,1
1.0,0,0.3198303745502049,0.481287771858981,0.7107630931786129,-0.015380760473042411,0,0,0,1,0,1,0
1.0,0,0.0,0.481287771858981,-0.444999501816175,0.9450146831545043,0,1,0,0,1,0,0
1.0,0,-0.45667135994904234,0.481287771858981,1.8665256881734007,0.6130136265288837,0,0,0,1,0,1,0
1.0,0,0.009229680750505998,-0.47908676070718687,-0.444999501816175,1.4139747798074924,0,1,0,0,1,0,0
1.0,0,0.7080812417998286,0.481287771858981,-0.444999501816175,0.4370631981683443,1,0,0,1,1,0,0
1.0,1,0.39748054800012966,-0.47908676070718687,-0.444999501816175,9.262218501053868,1,1,0,0,1,0,0
1.0,0,0.16453002765035546,-0.47908676070718687,-0.444999501816175,-0.39241739267419806,0,0,0,1,0,1,0
1.0,1,0.0,-0.47908676070718687,-0.444999501816175,-0.5039970335514509,0,1,0,0,0,0,1
1.0,0,-1.0002225740985156,0.481287771858981,-0.444999501816175,0.4583319312668711,1,0,0,1,1,0,0
1.0,0,0.3198303745502049,0.481287771858981,0.7107630931786129,-0.015380760473042411,0,0,0,1,0,1,0
1.0,0,0.0,0.481287771858981,-0.444999501816175,1.9403759239960292,0,0,0,1,1,0,0
1.0,0,-1.9320246554976122,-0.47908676070718687,-0.444999501816175,-0.40256837892576763,0,0,0,1,0,0,1
1.0,0,0.009229680750505998,-0.47908676070718687,-0.444999501816175,0.4569629982638023,1,1,0,0,1,0,0
1.0,1,-0.2237208395992682,-0.47908676070718687,-0.444999501816175,-0.4930417024845188,0,0,0,1,0,0,1
1.0,1,-0.534321533398967,-0.47908676070718687,0.7107630931786129,0.5812710091399279,1,1,0,0,1,0,0
1.0,0,0.39748054800012966,0.481287771858981,-0.444999501816175,1.096393924222673,1,0,0,1,1,0,0
1.0,0,-0.9225724006485907,0.481287771858981,-0.444999501816175,3.755468941836208,1,1,0,0,1,0,0
1.0,0,0.24218020110028018,0.481287771858981,-0.444999501816175,0.38292460482664,1,0,0,1,1,0,0
1.0,1,0.0,-0.47908676070718687,-0.444999501816175,-0.06371879024242134,1,0,0,1,1,0,0
1.0,1,2.338734884248248,0.481287771858981,0.7107630931786129,0.8875736356189561,1,1,0,0,1,0,0
1.0,1,0.47513072145005436,-0.47908676070718687,-0.444999501816175,-0.13550076444994902,1,0,0,1,1,0,0
1.0,0,-2.0873250023974617,0.481287771858981,1.8665256881734007,0.16016749547981565,0,1,0,0,0,1,0
1.0,0,1.406932802849151,0.481287771858981,-0.444999501816175,0.12189924407199378,1,1,0,0,1,0,0
1.0,0,-1.699074135147838,-0.47908676070718687,1.8665256881734007,-0.13622583489648973,0,0,0,1,0,1,0
1.0,1,0.39748054800012966,-0.47908676070718687,-0.444999501816175,9.262218501053868,1,1,0,0,1,0,0
1.0,0,0.0,0.481287771858981,-0.444999501816175,0.35899728009079734,1,0,0,1,1,0,0
1.0,0,-0.844922227198666,-0.47908676070718687,-0.444999501816175,-0.4914291458114123,0,0,1,0,0,0,1
1.0,1,0.0,-0.47908676070718687,-0.444999501816175,-0.48691824087333385,0,0,0,1,0,0,1
1.0,0,-0.2237208395992682,-0.47908676070718687,0.7107630931786129,-0.40256837892576763,1,0,0,1,0,0,1
1.0,0,0.08687985420043072,0.481287771858981,0.7107630931786129,-0.24691992306836752,0,0,0,1,0,0,1
1.0,0,-1.1555229209983648,0.481287771858981,-0.444999501816175,-0.3643001275179457,0,1,0,0,0,0,1
1.0,0,-1.699074135147838,-0.47908676070718687,1.8665256881734007,-0.13622583489648973,0,0,0,1,0,1,0
1.0,0,0.0,-0.47908676070718687,-0.444999501816175,-0.4914291458114123,0,0,1,0,0,0,1
1.0,0,1.9504840169986242,-0.47908676070718687,-0.444999501816175,-0.33441175695094333,0,0,0,1,0,1,0
1.0,0,0.6304310683499038,0.481287771858981,-0.444999501816175,0.734502563508859,1,1,0,0,1,0,0
1.0,0,-0.844922227198666,-0.47908676070718687,-0.444999501816175,-0.4914291458114123,0,0,1,0,0,0,1
1.0,0,-1.699074135147838,-0.47908676070718687,1.8665256881734007,-0.13622583489648973,0,0,0,1,0,1,0
1.0,1,-2.2488373631733047,0.481287771858981,1.8665256881734007,2.2864762171447826,1,0,0,1,1,0,0
1.0,1,0.7857314152497533,-0.47908676070718687,-0.444999501816175,-0.04438357833466977,1,1,0,0,1,0,0
1.0,1,0.0,-0.47908676070718687,-0.444999501816175,0.4485831174229828,0,0,0,1,0,0,1
1.0,0,-0.6119717068488918,-0.47908676070718687,-0.444999501816175,2.2864762171447826,0,0,0,1,1,0,0
1.0,1,-1.4661236147980639,0.481287771858981,1.8665256881734007,1.67645028145522,1,0,0,1,1,0,0
1.0,1,-2.2488373631733047,0.481287771858981,1.8665256881734007,2.2864762171447826,1,0,0,1,1,0,0
1.0,0,-0.844922227198666,0.481287771858981,-0.444999501816175,-0.14105963787342762,0,0,0,1,0,1,0
1.0,1,0.0,-0.47908676070718687,-0.444999501816175,0.4485831174229828,0,0,0,1,0,0,1
1.0,1,0.7857314152497533,-0.47908676070718687,-0.444999501816175,-0.04438357833466977,1,1,0,0,1,0,0
1.0,0,-0.6119717068488918,-0.47908676070718687,-0.444999501816175,2.2864762171447826,0,0,0,1,1,0,0
1.0,0,0.0,-0.47908676070718687,-0.444999501816175,0.8875736356189561,0,1,0,0,1,0,0
1.0,0,0.0,-0.47908676070718687,-0.444999501816175,-0.49392725518989383,0,0,1,0,0,0,1
1.0,0,0.0,-0.47908676070718687,-0.444999501816175,-0.49392725518989383,0,0,1,0,0,0,1
1.0,1,-2.0873250023974617,0.481287771858981,0.7107630931786129,-0.33634527814171855,0,0,0,1,0,0,1
1.0,0,-1.0002225740985156,-0.47908676070718687,-0.444999501816175,-0.4117526045819496,0,1,0,0,0,1,0
1.0,0,0.08687985420043072,0.481287771858981,-0.444999501816175,1.546420981375591,1,1,0,0,1,0,0
1.0,0,2.1834345373483983,-0.47908676070718687,0.7107630931786129,2.323454809918357,1,0,0,1,1,0,0
1.0,1,-0.14607066614934347,-0.47908676070718687,-0.444999501816175,0.0426248752502123,1,0,0,1,1,0,0
1.0,0,1.0186819355995274,-0.47908676070718687,0.7107630931786129,3.4424801990794793,1,0,0,1,1,0,0
1.0,0,-1.1555229209983648,-0.47908676070718687,0.7107630931786129,3.4424801990794793,1,0,0,1,1,0,0
1.0,0,0.39748054800012966,0.481287771858981,-0.444999501816175,1.096393924222673,1,0,0,1,1,0,0
1.0,0,-0.6119717068488918,-0.47908676070718687,1.8665256881734007,0.3133178419587343,1,1,0,0,1,0,0
1.0,1,0.0,-0.47908676070718687,-0.444999501816175,-0.49344387489220004,0,0,0,1,0,0,1
1.0,0,0.0,-0.47908676070718687,-0.444999501816175,-0.4932021847433531,0,0,1,0,0,0,1
1.0,1,-0.534321533398967,-0.47908676070718687,0.7107630931786129,0.5812710091399279,1,1,0,0,1,0,0
1.0,0,-0.6119717068488918,-0.47908676070718687,-0.444999501816175,-0.49344387489220004,0,0,0,1,0,0,1
1.0,0,1.71753349664885,0.481287771858981,0.7107630931786129,1.1640671658998034,1,0,0,1,1,0,0
1.0,0,2.5716854045980218,-0.47908676070718687,-0.444999501816175,-0.4583988033094003,0,0,0,1,0,0,1
1.0,0,0.6304310683499038,-0.47908676070718687,-0.444999501816175,0.9030418051451572,1,0,0,1,1,0,0
1.0,0,-1.2331730944482897,0.481287771858981,-0.444999501816175,-0.4264144957715976,0,1,0,0,0,0,1
1.0,0,1.8728338435486995,0.481287771858981,-0.444999501816175,0.8695280823454514,1,1,0,0,1,0,0
1.0,0,0.6304310683499038,-0.47908676070718687,-0.444999501816175,3.755468941836208,1,1,0,0,1,0,0
1.0,0,1.8728338435486995,0.481287771858981,-0.444999501816175,0.5047364398454749,0,1,0,0,1,0,0
1.0,1,0.16453002765035546,-0.47908676070718687,-0.444999501816175,-0.49191252610910613,0,0,0,1,0,0,1
1.0,0,1.6398833231989254,0.481287771858981,-0.444999501816175,0.8635651029931007,1,0,0,1,1,0,0
1.0,0,0.0,0.481287771858981,-0.444999501816175,-0.3440793629048191,0,0,1,0,0,0,1
1.0,1,0.16453002765035546,-0.47908676070718687,-0.444999501816175,-0.49191252610910613,0,0,0,1,0,0,1
1.0,0,0.7080812417998286,0.481287771858981,0.7107630931786129,1.5001769550558215,1,1,0,0,1,0,0
1.0,1,-1.6214239616979134,0.481287771858981,0.7107630931786129,-0.33634527814171855,0,0,0,1,0,0,1
1.0,0,0.7857314152497533,-0.47908676070718687,-0.444999501816175,-0.39241739267419806,0,0,0,1,0,1,0
1.0,1,0.3198303745502049,-0.47908676070718687,-0.444999501816175,-0.39241739267419806,1,0,0,1,0,1,0
1.0,1,3.891738353246742,-0.47908676070718687,-0.444999501816175,-0.06371879024242134,1,0,0,1,1,0,0
1.0,0,-0.2237208395992682,-0.47908676070718687,0.7107630931786129,-0.40256837892576763,1,0,0,1,0,0,1
1.0,0,0.3198303745502049,-0.47908676070718687,-0.444999501816175,-0.39241739267419806,0,0,0,1,0,1,0
1.0,1,-0.06842049269941873,-0.47908676070718687,-0.444999501816175,-0.4600906343513286,0,0,0,1,0,0,1
1.0,0,-0.2237208395992682,-0.47908676070718687,-0.444999501816175,-0.440755422443577,1,0,0,1,0,1,0
1.0,0,0.0,0.481287771858981,-0.444999501816175,1.0790734413957093,1,1,0,0,1,0,0
1.0,0,-1.2331730944482897,0.481287771858981,1.8665256881734007,1.67645028145522,1,0,0,1,1,0,0
1.0,0,-1.0002225740985156,0.481287771858981,-0.444999501816175,0.4583319312668711,1,0,0,1,1,0,0
1.0,0,-0.844922227198666,0.481287771858981,-0.444999501816175,-0.14105963787342762,0,0,0,1,0,1,0
1.0,1,1.6398833231989254,-0.47908676070718687,-0.444999501816175,-0.13042527132416426,1,0,0,1,1,0,0
1.0,0,0.0,-0.47908676070718687,-0.444999501816175,-0.49392725518989383,0,0,1,0,0,0,1
1.0,0,1.7951836700987747,1.4416623044251486,-0.444999501816175,0.3515860933665562,1,0,0,1,1,0,0
1.0,1,1.406932802849151,0.481287771858981,-0.444999501816175,0.8398001940372836,1,1,0,0,1,0,0
1.0,1,-0.2237208395992682,-0.47908676070718687,-0.444999501816175,-0.4762838743240705,0,0,0,1,0,0,1
1.0,1,0.16453002765035546,-0.47908676070718687,-0.444999501816175,-0.4905435931060373,0,0,0,1,0,0,1
1.0,1,0.0,-0.47908676070718687,-0.444999501816175,-0.39241739267419806,0,0,0,1,0,1,0
1.0,0,0.7080812417998286,0.481287771858981,0.7107630931786129,0.964108204913409,1,1,0,0,1,0,0
1.0,0,-0.14607066614934347,-0.47908676070718687,-0.444999501816175,-0.39241739267419806,0,0,0,1,0,1,0
1.0,0,-0.6119717068488918,-0.47908676070718687,1.8665256881734007,0.3133178419587343,1,1,0,0,1,0,0
1.0,1,-1.8543744820476875,-0.47908676070718687,0.7107630931786129,-0.40256837892576763,1,0,0,1,0,0,1
1.0,1,0.0,0.481287771858981,0.7107630931786129,-0.3489943737717696,0,1,0,0,0,0,1
1.0,1,-2.268249906535786,0.481287771858981,0.7107630931786129,-0.3634145748125707,0,0,0,1,0,1,0
1.0,1,0.0,-0.47908676070718687,-0.444999501816175,-0.3757407724037623,0,1,0,0,0,1,0
1.0,0,1.406932802849151,0.481287771858981,-0.444999501816175,0.12189924407199378,1,1,0,0,1,0,0
1.0,0,0.08687985420043072,0.481287771858981,0.7107630931786129,-0.24691992306836752,0,0,0,1,0,0,1
1.0,0,-0.9225724006485907,-0.47908676070718687,1.8665256881734007,-0.39241739267419806,0,0,0,1,0,1,0
1.0,0,-0.534321533398967,-0.47908676070718687,-0.444999501816175,-0.4977942975714441,0,0,0,1,0,0,1
1.0,0,1.71753349664885,0.481287771858981,-0.444999501816175,0.8695280823454514,1,1,0,0,1,0,0
1.0,1,-1.0002225740985156,-0.47908676070718687,1.8665256881734007,1.5001769550558215,1,1,0,0,1,0,0
1.0,1,0.7857314152497533,-0.47908676070718687,-0.444999501816175,-0.04438357833466977,1,1,0,0,1,0,0
1.0,0,-0.2237208395992682,-0.47908676070718687,-0.444999501816175,-0.4905435931060373,0,0,0,1,0,0,1
1.0,0,1.5622331497490005,-0.47908676070718687,0.7107630931786129,4.142091972101227,1,1,0,0,1,0,0
1.0,0,0.2033551143753178,-0.47908676070718687,-0.444999501816175,-0.39241739267419806,1,0,0,1,0,1,0
1.0,0,-0.2237208395992682,-0.47908676070718687,-0.444999501816175,-0.4905435931060373,0,0,0,1,0,0,1
1.0,0,-1.2331730944482897,0.481287771858981,1.8665256881734007,1.67645028145522,1,0,0,1,1,0,0
1.0,0,-1.1555229209983648,-0.47908676070718687,-0.444999501816175,-0.4885288640252496,0,0,1,0,0,0,1
1.0,0,0.0,0.481287771858981,-0.444999501816175,2.1892355694183183,1,1,0,0,1,0,0
1.0,0,-0.2237208395992682,-0.47908676070718687,-0.444999501816175,-0.4905435931060373,0,0,0,1,0,0,1
1.0,0,-0.6896218802988165,-0.47908676070718687,-0.444999501816175,-0.440755422443577,0,0,0,1,0,1,0
1.0,0,1.3292826293992264,0.481287771858981,0.7107630931786129,0.3723714461673892,1,0,0,1,1,0,0
1.0,1,-2.009674828947537,-0.47908676070718687,1.8665256881734007,0.938972429433332,1,0,0,1,1,0,0
1.0,0,0.0,0.481287771858981,-0.444999501816175,-0.3440793629048191,0,0,1,0,0,0,1
1.0,0,0.863381588699678,-0.47908676070718687,-0.444999501816175,1.956810854117618,1,1,0,0,1,0,0
1.0,0,1.1739822824993769,0.481287771858981,0.7107630931786129,2.543957433556738,0,0,0,1,1,0,0
1.0,0,-1.699074135147838,-0.47908676070718687,1.8665256881734007,-0.13622583489648973,0,0,0,1,0,1,0
1.0,1,0.39748054800012966,-0.47908676070718687,-0.444999501816175,-0.13550076444994902,1,0,0,1,1,0,0
1.0,0,-1.9320246554976122,3.3624113695574844,1.8665256881734007,-0.03689118372041605,0,0,0,1,0,0,1
1.0,1,-2.242625349297311,-0.47908676070718687,1.8665256881734007,0.07170890100185216,0,1,0,0,0,1,0
1.0,0,1.3292826293992264,0.481287771858981,0.7107630931786129,0.3723714461673892,1,0,0,1,1,0,0
1.0,0,0.0,-0.47908676070718687,-0.444999501816175,-0.4932021847433531,0,0,1,0,0,0,1
1.0,1,-1.4661236147980639,0.481287771858981,1.8665256881734007,1.67645028145522,1,0,0,1,1,0,0
1.0,0,-1.9320246554976122,-0.47908676070718687,-0.444999501816175,-0.40256837892576763,0,0,0,1,0,0,1
1.0,0,2.338734884248248,0.481287771858981,-0.444999501816175,0.8111995485833373,1,1,0,0,1,0,0
1.0,1,-0.14607066614934347,-0.47908676070718687,-0.444999501816175,-0.13042527132416426,1,0,0,1,1,0,0
1.0,0,0.47513072145005436,0.481287771858981,-0.444999501816175,-0.14105963787342762,0,0,0,1,0,1,0
1.0,1,0.16453002765035546,-0.47908676070718687,-0.444999501816175,-0.48812669161756833,1,0,0,1,0,0,1
1.0,0,-0.06842049269941873,-0.47908676070718687,-0.444999501816175,3.4424801990794793,1,0,0,1,1,0,0
1.0,1,0.0,-0.47908676070718687,-0.444999501816175,-0.5039970335514509,0,1,0,0,0,0,1
1.0,0,0.009229680750505998,-0.47908676070718687,-0.444999501816175,1.0287206825455424,1,0,0,1,1,0,0
1.0,1,1.1739822824993769,-0.47908676070718687,-0.444999501816175,-0.48812669161756833,0,0,0,1,0,0,1
1.0,1,0.39748054800012966,-0.47908676070718687,-0.444999501816175,-0.13550076444994902,1,0,0,1,1,0,0
1.0,0,0.47513072145005436,-0.47908676070718687,-0.444999501816175,-0.39241739267419806,0,0,0,1,0,1,0
1.0,0,-2.009674828947537,1.4416623044251486,0.7107630931786129,0.1102981169273428,1,0,0,1,0,1,0
1.0,0,0.0,-0.47908676070718687,0.7107630931786129,0.41966150745136793,1,0,0,1,1,0,0
1.0,0,-0.37902118649911765,0.481287771858981,0.7107630931786129,-0.06371879024242134,0,0,0,1,0,1,0
1.0,0,-2.009674828947537,1.4416623044251486,0.7107630931786129,0.1102981169273428,1,0,0,1,0,1,0
1.0,0,0.24218020110028018,-0.47908676070718687,-0.444999501816175,1.0287206825455424,1,0,0,1,1,0,0
1.0,1,-1.8543744820476875,-0.47908676070718687,0.7107630931786129,-0.40256837892576763,1,0,0,1,0,0,1
1.0,0,-0.6119717068488918,-0.47908676070718687,1.8665256881734007,0.3133178419587343,1,1,0,0,1,0,0
1.0,1,0.7857314152497533,-0.47908676070718687,-0.444999501816175,-0.04438357833466977,1,1,0,0,1,0,0
1.0,1,-0.844922227198666,-0.47908676070718687,-0.444999501816175,-0.440755422443577,0,0,0,1,0,1,0
1.0,1,-2.242625349297311,-0.47908676070718687,1.8665256881734007,0.07170890100185216,0,1,0,0,0,1,0
1.0,0,0.7080812417998286,0.481287771858981,0.7107630931786129,1.5001769550558215,1,1,0,0,1,0,0
1.0,0,0.0,-0.47908676070718687,-0.444999501816175,-0.5039970335514509,0,1,0,0,0,0,1
1.0,1,-1.8543744820476875,-0.47908676070718687,0.7107630931786129,-0.40256837892576763,1,0,0,1,0,0,1
1.0,0,1.71753349664885,0.481287771858981,-0.444999501816175,0.8695280823454514,1,1,0,0,1,0,0
1.0,0,1.0186819355995274,-0.47908676070718687,0.7107630931786129,3.4424801990794793,1,0,0,1,1,0,0
1.0,0,0.24218020110028018,0.481287771858981,1.8665256881734007,-0.10722301703486238,0,0,0,1,0,1,0
1.0,1,-0.6896218802988165,-0.47908676070718687,-0.444999501816175,-0.4930417024845188,0,0,0,1,0,0,1
1.0,1,0.0,-0.47908676070718687,-0.444999501816175,-0.49344387489220004,0,0,0,1,0,0,1
1.0,0,2.5716854045980218,-0.47908676070718687,-0.444999501816175,-0.4583988033094003,0,0,0,1,0,0,1
1.0,1,-0.37902118649911765,0.481287771858981,-0.444999501816175,0.42820187055102177,1,1,0,0,1,0,0
1.0,0,0.16453002765035546,-0.47908676070718687,-0.444999501816175,0.8313410388276422,1,1,0,0,1,0,0
1.0,0,0.0,-0.47908676070718687,-0.444999501816175,-0.49392725518989383,0,0,1,0,0,0,1
1.0,0,0.0,0.481287771858981,-0.444999501816175,2.1892355694183183,1,1,0,0,1,0,0
1.0,1,-0.3013710130491929,-0.47908676070718687,-0.444999501816175,-0.2805148537580858,0,1,0,0,0,0,1
1.0,1,0.0,-0.47908676070718687,-0.444999501816175,-0.06371879024242134,1,0,0,1,1,0,0
1.0,1,1.4845829762990759,0.481287771858981,-0.444999501816175,0.4569629982638023,1,1,0,0,1,0,0
1.0,1,-2.242625349297311,0.481287771858981,1.8665256881734007,-0.2459531624729799,0,0,0,1,0,0,1
1.0,0,-0.45667135994904234,-0.47908676070718687,1.8665256881734007,-0.3634145748125707,0,0,0,1,0,1,0
1.0,0,0.9410317621496027,0.481287771858981,-0.444999501816175,-0.14105963787342762,0,0,0,1,0,1,0
1.0,0,0.2033551143753178,-0.47908676070718687,-0.444999501816175,-0.39241739267419806,1,0,0,1,0,1,0
1.0,0,0.47513072145005436,0.481287771858981,-0.444999501816175,-0.14105963787342762,0,0,0,1,0,1,0
1.0,1,0.9410317621496027,0.481287771858981,-0.444999501816175,0.3723714461673892,1,0,0,1,1,0,0
1.0,0,-1.0778727475484402,-0.47908676070718687,-0.444999501816175,-0.49425015322875326,0,0,1,0,0,0,1
1.0,1,-0.7672720537487413,-0.47908676070718687,-0.444999501816175,-0.5039970335514509,0,1,0,0,0,0,1
1.0,0,-0.37902118649911765,0.481287771858981,0.7107630931786129,-0.06371879024242134,0,0,0,1,0,1,0
0.0,1,-0.6896218802988165,-0.47908676070718687,-0.444999501816175,-0.4807155048933272,0,0,0,1,0,0,1
0.0,1,-0.9225724006485907,-0.47908676070718687,-0.444999501816175,-0.49392725518989383,0,0,0,1,0,0,1
0.0,1,-1.0002225740985156,0.481287771858981,0.7107630931786129,-0.5039970335514509,0,1,0,0,0,0,1
0.0,1,0.0,-0.47908676070718687,-0.444999501816175,-0.49441063548758757,0,0,1,0,0,0,1
0.0,0,0.16453002765035546,0.481287771858981,0.7107630931786129,-0.3440793629048191,0,0,1,0,0,0,1
0.0,1,-0.37902118649911765,0.481287771858981,-0.444999501816175,-0.14105963787342762,0,0,0,1,0,1,0
0.0,1,0.6304310683499038,-0.47908676070718687,0.7107630931786129,2.323454809918357,1,0,0,1,1,0,0
0.0,1,0.0,-0.47908676070718687,-0.444999501816175,-0.50746190352532,0,0,0,1,0,0,1
0.0,1,-0.844922227198666,-0.47908676070718687,-0.444999501816175,-0.5132624670976453,0,0,1,0,0,0,1
0.0,1,1.8728338435486995,0.481287771858981,-0.444999501816175,-0.14105963787342762,0,0,0,1,0,1,0
0.0,1,1.5622331497490005,-0.47908676070718687,-0.444999501816175,-0.39241739267419806,0,0,0,1,0,1,0
0.0,1,-0.37902118649911765,-0.47908676070718687,-0.444999501816175,-0.5040782414414634,0,1,0,0,0,0,1
0.0,0,0.0,-0.47908676070718687,1.8665256881734007,-0.49392725518989383,0,0,1,0,0,0,1
0.0,1,0.0,-0.47908676070718687,-0.444999501816175,-0.5111684636480359,0,0,1,0,0,0,1
0.0,1,0.24218020110028018,0.481287771858981,0.7107630931786129,-0.24691992306836752,0,0,0,1,0,0,1
0.0,1,-1.4661236147980639,-0.47908676070718687,-0.444999501816175,-0.2805148537580858,0,1,0,0,0,0,1
0.0,1,0.0,-0.47908676070718687,-0.444999501816175,-0.6437751474749684,0,0,0,1,0,1,0
0.0,1,0.3586554612751673,-0.47908676070718687,-0.444999501816175,-0.5193047208188177,0,1,0,0,0,0,1
0.0,1,0.08687985420043072,-0.47908676070718687,-0.444999501816175,-0.49392725518989383,0,0,1,0,0,0,1
0.0,1,-0.37902118649911765,0.481287771858981,-0.444999501816175,-0.49344387489220004,0,0,0,1,0,0,1
0.0,1,0.08687985420043072,-0.47908676070718687,-0.444999501816175,-0.440755422443577,0,0,0,1,0,1,0
0.0,1,-0.6896218802988165,-0.47908676070718687,-0.444999501816175,-0.49344387489220004,0,0,0,1,0,0,1
0.0,0,-0.06842049269941873,-0.47908676070718687,4.178050878162977,-0.23628555651910413,0,0,0,1,0,0,1
0.0,0,-0.45667135994904234,-0.47908676070718687,-0.444999501816175,-0.39241739267419806,0,0,0,1,0,1,0
0.0,1,-0.06842049269941873,-0.47908676070718687,-0.444999501816175,-0.440755422443577,0,0,0,1,0,1,0
0.0,1,0.0,-0.47908676070718687,-0.444999501816175,-0.5039970335514509,0,1,0,0,0,0,1
0.0,1,0.16453002765035546,-0.47908676070718687,-0.444999501816175,-0.4911081812937436,0,0,0,1,0,0,1
0.0,0,-0.9225724006485907,-0.47908676070718687,-0.444999501816175,-0.5132624670976453,0,0,1,0,0,0,1
0.0,1,0.47513072145005436,0.481287771858981,1.8665256881734007,-0.10722301703486238,0,0,0,1,0,1,0
0.0,0,1.406932802849151,0.481287771858981,3.022288283168189,0.020872761853991784,0,0,0,1,0,0,1
0.0,1,1.0963321090494522,0.481287771858981,-0.444999501816175,-0.14105963787342762,0,0,0,1,0,1,0
0.0,0,-0.9225724006485907,1.4416623044251486,-0.444999501816175,-0.2957413331354402,0,0,0,1,0,0,1
0.0,1,-0.6119717068488918,-0.47908676070718687,-0.444999501816175,-0.5060117626322386,0,0,0,1,0,0,1
0.0,1,2.494035231148097,-0.47908676070718687,-0.444999501816175,-0.13042527132416426,0,0,0,1,1,0,0
0.0,1,0.0,-0.47908676070718687,-0.444999501816175,0.17603783741369813,0,0,0,1,1,0,0
0.0,1,0.9410317621496027,0.481287771858981,-0.444999501816175,0.36165587172811325,0,0,0,1,1,0,0
0.0,1,0.0,-0.47908676070718687,-0.444999501816175,-0.3634145748125707,0,0,0,1,0,0,1
0.0,0,-2.0873250023974617,2.4020368369913165,0.7107630931786129,-0.23628555651910413,0,0,0,1,0,0,1
0.0,1,0.0,-0.47908676070718687,-0.444999501816175,-0.6437751474749684,0,0,0,1,0,1,0
0.0,1,1.406932802849151,-0.47908676070718687,-0.444999501816175,-0.39241739267419806,0,0,0,1,0,1,0
0.0,0,-0.6896218802988165,-0.47908676070718687,-0.444999501816175,-0.49392725518989383,0,0,1,0,0,0,1
0.0,1,-0.06842049269941873,-0.47908676070718687,-0.444999501816175,-0.460413532390188,0,0,0,1,0,0,1
0.0,1,-0.3013710130491929,-0.47908676070718687,-0.444999501816175,-0.49344387489220004,0,0,0,1,0,0,1
0.0,1,0.0,-0.47908676070718687,-0.444999501816175,-0.49392725518989383,0,0,1,0,0,0,1
0.0,1,0.009229680750505998,-0.47908676070718687,-0.444999501816175,-0.440755422443577,0,0,0,1,0,1,0
0.0,1,0.0,-0.47908676070718687,-0.444999501816175,-0.10778760522256871,0,1,0,0,1,0,0
0.0,1,0.0,7.203909499822155,1.8665256881734007,0.7009888407091532,0,0,0,1,0,0,1
0.0,1,0.0,-0.47908676070718687,-0.444999501816175,-0.5040782414414634,0,1,0,0,0,0,1
0.0,1,-0.7672720537487413,-0.47908676070718687,-0.444999501816175,-0.4762838743240705,0,0,0,1,0,0,1
0.0,0,0.7857314152497533,0.481287771858981,-0.444999501816175,-0.4605740146490223,0,0,0,1,0,0,1
0.0,1,-0.45667135994904234,-0.47908676070718687,-0.444999501816175,-0.50746190352532,0,0,0,1,0,0,1
0.0,1,-0.844922227198666,-0.47908676070718687,-0.444999501816175,-0.6437751474749684,0,0,0,1,0,0,1
0.0,1,1.0963321090494522,-0.47908676070718687,-0.444999501816175,-0.48812669161756833,0,0,0,1,0,0,1
0.0,1,-0.3013710130491929,-0.47908676070718687,-0.444999501816175,-0.4911081812937436,0,0,0,1,0,0,1
0.0,1,-0.3013710130491929,-0.47908676070718687,-0.444999501816175,-0.48812669161756833,0,0,0,1,0,0,1
0.0,1,0.3198303745502049,0.481287771858981,-0.444999501816175,-0.23773569741218548,0,0,0,1,0,1,0
0.0,1,0.24218020110028018,-0.47908676070718687,-0.444999501816175,-0.4762838743240705,0,1,0,0,0,0,1
0.0,0,-0.37902118649911765,0.481287771858981,-0.444999501816175,-0.4905435931060373,0,0,0,1,0,0,1
0.0,1,0.7857314152497533,-0.47908676070718687,-0.444999501816175,-0.10778760522256871,0,1,0,0,1,0,0
0.0,1,-0.14607066614934347,-0.47908676070718687,-0.444999501816175,-0.39241739267419806,0,0,0,1,0,1,0
0.0,1,2.1834345373483983,-0.47908676070718687,-0.444999501816175,-0.06951935381474683,1,1,0,0,1,0,0
0.0,1,-0.844922227198666,-0.47908676070718687,-0.444999501816175,-0.495860776380669,1,0,0,1,0,0,1
0.0,1,-1.0778727475484402,3.3624113695574844,0.7107630931786129,0.123591075113922,0,0,0,1,0,0,1
0.0,1,0.9410317621496027,-0.47908676070718687,-0.444999501816175,-0.4977942975714441,0,0,0,1,0,0,1
0.0,1,0.0,-0.47908676070718687,-0.444999501816175,-0.49392725518989383,0,0,1,0,0,0,1
0.0,1,0.0,-0.47908676070718687,-0.444999501816175,-0.4911081812937436,0,1,0,0,0,0,1
0.0,1,-0.534321533398967,-0.47908676070718687,-0.444999501816175,-0.39241739267419806,0,0,0,1,0,1,0
0.0,1,-1.0778727475484402,-0.47908676070718687,-0.444999501816175,-0.4600906343513286,0,0,0,1,0,0,1
0.0,1,0.3198303745502049,0.481287771858981,0.7107630931786129,-0.3653480960033459,0,0,0,1,0,0,1
0.0,1,-0.844922227198666,-0.47908676070718687,-0.444999501816175,-0.4471205742036088,0,0,0,1,0,0,1
0.0,1,0.0,-0.47908676070718687,-0.444999501816175,-0.6437751474749684,0,0,0,1,0,1,0
0.0,1,-0.14607066614934347,-0.47908676070718687,0.7107630931786129,-0.005713154519166626,0,0,0,1,0,1,0
0.0,1,1.71753349664885,0.481287771858981,0.7107630931786129,0.8962744809774443,1,0,0,1,1,0,0
0.0,1,0.8245565019747156,-0.47908676070718687,-0.444999501816175,-0.49392725518989383,0,0,1,0,0,0,1
0.0,1,-1.7767243085977626,3.3624113695574844,0.7107630931786129,-0.08063710066170397,0,0,1,0,0,0,1
0.0,1,0.009229680750505998,-0.47908676070718687,-0.444999501816175,-0.10722301703486238,1,1,0,0,1,0,0
0.0,1,1.0186819355995274,0.481287771858981,0.7107630931786129,-0.13622583489648973,0,0,0,1,0,1,0
0.0,1,-0.844922227198666,2.4020368369913165,1.8665256881734007,4.441385584263695,1,0,0,1,1,0,0
0.0,1,0.16453002765035546,-0.47908676070718687,-0.444999501816175,-0.4905435931060373,0,0,0,1,0,0,1
0.0,1,1.1739822824993769,-0.47908676070718687,-0.444999501816175,-0.5089120444184012,0,0,0,1,0,0,1
0.0,1,0.7857314152497533,-0.47908676070718687,-0.444999501816175,-0.6437751474749684,1,0,0,1,1,0,0
0.0,1,0.5139558081750167,-0.47908676070718687,1.8665256881734007,-0.14105963787342762,1,0,0,1,0,1,0
0.0,1,-0.9225724006485907,0.481287771858981,-0.444999501816175,1.4618294292791778,1,1,0,0,1,0,0
0.0,1,-0.06842049269941873,-0.47908676070718687,-0.444999501816175,-0.4915103537014249,0,0,0,1,0,0,1
0.0,1,0.0,-0.47908676070718687,-0.444999501816175,-0.6437751474749684,1,0,0,1,1,0,0
0.0,1,-0.14607066614934347,0.481287771858981,-0.444999501816175,0.9450146831545043,0,1,0,0,1,0,0
0.0,1,-0.6119717068488918,-0.47908676070718687,-0.444999501816175,-0.49835888575915044,0,0,0,1,0,0,1
0.0,1,2.726985751497871,-0.47908676070718687,0.7107630931786129,0.5546058183979476,1,1,0,0,1,0,0
0.0,0,0.0,-0.47908676070718687,1.8665256881734007,-0.3489943737717696,0,1,0,0,0,0,1
0.0,1,-0.844922227198666,-0.47908676070718687,-0.444999501816175,-0.4911081812937436,0,0,0,1,0,0,1
0.0,1,-0.844922227198666,-0.47908676070718687,-0.444999501816175,-0.49344387489220004,0,0,0,1,0,0,1
0.0,1,0.0,-0.47908676070718687,-0.444999501816175,-0.47531711372868296,0,1,0,0,0,0,1
0.0,1,-0.7672720537487413,-0.47908676070718687,-0.444999501816175,-0.50746190352532,0,0,0,1,0,0,1
0.0,0,0.863381588699678,-0.47908676070718687,5.333813473157765,0.123591075113922,0,0,0,1,0,0,1
0.0,1,0.7857314152497533,0.481287771858981,4.178050878162977,-0.10432273524869967,0,0,0,1,0,0,1
0.0,1,-0.14607066614934347,-0.47908676070718687,-0.444999501816175,-0.3827497867203223,0,0,0,1,0,1,0
0.0,1,-1.0002225740985156,-0.47908676070718687,-0.444999501816175,-0.4762838743240705,0,0,0,1,0,0,1
0.0,0,0.0,-0.47908676070718687,-0.444999501816175,-0.48812669161756833,0,0,0,1,0,0,1
0.0,1,0.39748054800012966,-0.47908676070718687,-0.444999501816175,-0.14105963787342762,0,0,0,1,0,1,0
0.0,1,0.0,-0.47908676070718687,-0.444999501816175,-0.48812669161756833,0,0,0,1,0,0,1
0.0,1,1.1739822824993769,0.481287771858981,-0.444999501816175,0.9702316665245938,1,0,0,1,1,0,0
0.0,0,-1.0002225740985156,-0.47908676070718687,-0.444999501816175,-0.3642208531491239,0,1,0,0,0,0,1
0.0,1,2.338734884248248,-0.47908676070718687,-0.444999501816175,-0.13042527132416426,0,0,0,1,1,0,0
0.0,0,0.0,-0.47908676070718687,-0.444999501816175,-0.4977942975714441,0,0,0,1,0,0,1
0.0,1,0.39748054800012966,-0.47908676070718687,-0.444999501816175,-0.4911081812937436,0,1,0,0,0,0,1
0.0,1,0.0,0.481287771858981,-0.444999501816175,-0.3440793629048191,0,0,1,0,0,0,1
0.0,1,-0.6119717068488918,-0.47908676070718687,-0.444999501816175,-0.5039970335514509,0,1,0,0,0,0,1
0.0,1,1.0963321090494522,-0.47908676070718687,-0.444999501816175,-0.48812669161756833,0,0,0,1,0,0,1
0.0,1,-0.534321533398967,-0.47908676070718687,-0.444999501816175,-0.3528614161533199,0,1,0,0,0,1,0
0.0,1,2.261084710798323,-0.47908676070718687,-0.444999501816175,-0.3827497867203223,0,0,0,1,0,1,0
0.0,1,0.8245565019747156,-0.47908676070718687,1.8665256881734007,-0.3634145748125707,0,0,0,1,0,0,1
0.0,1,1.9893091037235866,-0.47908676070718687,-0.444999501816175,-0.48812669161756833,0,0,0,1,0,0,1
0.0,1,0.24218020110028018,-0.47908676070718687,-0.444999501816175,-0.4600906343513286,0,0,0,1,0,0,1
0.0,0,0.5527808948999791,-0.47908676070718687,-0.444999501816175,-0.4583988033094003,0,0,0,1,0,0,1
0.0,1,-0.9225724006485907,-0.47908676070718687,-0.444999501816175,-0.4214202105358254,0,0,0,1,0,1,0
0.0,1,0.0,-0.47908676070718687,-0.444999501816175,-0.5093954247160951,0,0,1,0,0,0,1
0.0,1,-0.45667135994904234,1.4416623044251486,-0.444999501816175,0.777362927744772,0,0,0,1,0,1,0
0.0,1,0.0,-0.47908676070718687,-0.444999501816175,-0.4911081812937436,0,0,0,1,0,0,1
0.0,1,-0.1072455794243811,-0.47908676070718687,-0.444999501816175,-0.33247823576016816,0,0,0,1,0,0,1
0.0,1,3.425837312547194,-0.47908676070718687,-0.444999501816175,-0.49344387489220004,0,0,0,1,0,0,1
0.0,1,0.47513072145005436,-0.47908676070718687,-0.444999501816175,-0.4911081812937436,0,0,0,1,0,0,1
0.0,1,0.0,-0.47908676070718687,-0.444999501816175,-0.4911081812937436,0,0,0,1,0,0,1
0.0,1,-1.0002225740985156,-0.47908676070718687,-0.444999501816175,-0.4762838743240705,0,0,0,1,0,0,1
0.0,1,0.7857314152497533,-0.47908676070718687,-0.444999501816175,-0.5040782414414634,0,1,0,0,0,0,1
0.0,1,0.048054767475468364,-0.47908676070718687,-0.444999501816175,-0.48812669161756833,0,0,0,1,0,0,1
0.0,1,0.863381588699678,1.4416623044251486,-0.444999501816175,-0.370988177316837,0,0,0,1,0,0,1
0.0,0,-0.45667135994904234,-0.47908676070718687,-0.444999501816175,-0.47265852209136705,0,0,0,1,0,0,1
0.0,1,-0.2237208395992682,-0.47908676070718687,-0.444999501816175,-0.39241739267419806,0,0,0,1,0,1,0
0.0,1,1.0963321090494522,-0.47908676070718687,0.7107630931786129,-0.33247823576016816,0,0,0,1,0,0,1
0.0,1,-0.6896218802988165,-0.47908676070718687,-0.444999501816175,-0.4905435931060373,0,0,0,1,0,0,1
0.0,1,-0.45667135994904234,-0.47908676070718687,-0.444999501816175,-0.4911081812937436,0,0,0,1,0,0,1
0.0,1,-0.14607066614934347,-0.47908676070718687,-0.444999501816175,-0.20824949925286437,0,0,0,1,0,0,1
0.0,1,0.0,0.481287771858981,-0.444999501816175,-0.2577147718764652,0,0,0,1,0,0,1
0.0,1,-0.6896218802988165,-0.47908676070718687,-0.444999501816175,-0.5035948611437696,0,0,0,1,0,0,1
0.0,1,0.24218020110028018,-0.47908676070718687,-0.444999501816175,-0.40643542130731797,0,0,0,1,0,1,0
0.0,1,0.0,-0.47908676070718687,-0.444999501816175,0.12189924407199378,0,1,0,0,1,0,0
0.0,1,0.0,-0.47908676070718687,-0.444999501816175,-0.48023212459563336,0,0,1,0,0,0,1
0.0,1,-1.2331730944482897,4.322785902123652,1.8665256881734007,0.2630462909985802,0,0,0,1,0,0,1
0.0,1,-1.6214239616979134,4.322785902123652,1.8665256881734007,0.2630462909985802,0,0,0,1,0,0,1
0.0,0,-2.1649751758473865,3.3624113695574844,1.8665256881734007,-0.03906639506003812,0,0,0,1,0,0,1
0.0,1,0.0,-0.47908676070718687,-0.444999501816175,-0.48812669161756833,0,0,0,1,0,0,1
0.0,1,2.338734884248248,0.481287771858981,0.7107630931786129,0.1102981169273428,0,0,0,1,0,1,0
0.0,1,-0.14607066614934347,-0.47908676070718687,-0.444999501816175,-0.440755422443577,0,0,0,1,0,1,0
0.0,1,-0.6119717068488918,-0.47908676070718687,-0.444999501816175,-0.4911081812937436,0,0,0,1,0,0,1
0.0,1,-0.14607066614934347,-0.47908676070718687,-0.444999501816175,-0.4600906343513286,0,0,0,1,0,0,1
0.0,1,-0.06842049269941873,-0.47908676070718687,-0.444999501816175,-0.06371879024242134,1,0,0,1,1,0,0
0.0,1,0.0,-0.47908676070718687,-0.444999501816175,-0.3642208531491239,0,1,0,0,0,0,1
0.0,0,-1.6214239616979134,3.3624113695574844,1.8665256881734007,-0.03906639506003812,0,0,0,1,0,0,1
0.0,1,0.0,-0.47908676070718687,-0.444999501816175,-0.5039970335514509,0,1,0,0,0,0,1
0.0,1,-2.242625349297311,4.322785902123652,1.8665256881734007,0.2630462909985802,0,0,0,1,0,0,1
0.0,1,-0.2237208395992682,0.481287771858981,-0.444999501816175,-0.3643001275179457,0,1,0,0,0,0,1
0.0,1,0.7857314152497533,-0.47908676070718687,-0.444999501816175,-0.4911081812937436,0,0,0,1,0,0,1
0.0,1,1.71753349664885,-0.47908676070718687,-0.444999501816175,-0.39241739267419806,0,0,0,1,0,1,0
0.0,0,0.08687985420043072,0.481287771858981,-0.444999501816175,-0.2957413331354402,0,0,0,1,0,0,1
0.0,1,-0.14607066614934347,-0.47908676070718687,-0.444999501816175,-0.4911081812937436,0,0,0,1,0,0,1
0.0,1,0.0,-0.47908676070718687,-0.444999501816175,-0.5040782414414634,0,1,0,0,0,0,1
0.0,0,-2.1649751758473865,-0.47908676070718687,0.7107630931786129,-0.4414804928901177,1,0,0,1,0,0,1
0.0,1,0.7080812417998286,0.481287771858981,5.333813473157765,-0.03906639506003812,0,0,0,1,0,0,1
0.0,1,0.08687985420043072,0.481287771858981,-0.444999501816175,0.36165587172811325,1,0,0,1,1,0,0
0.0,1,-0.37902118649911765,-0.47908676070718687,-0.444999501816175,-0.5035948611437696,0,0,0,1,0,0,1
0.0,1,-0.14607066614934347,-0.47908676070718687,-0.444999501816175,-0.49191252610910613,0,0,0,1,0,0,1
0.0,1,0.0,-0.47908676070718687,-0.444999501816175,-0.4911081812937436,0,0,0,1,0,0,1
0.0,1,-0.37902118649911765,-0.47908676070718687,-0.444999501816175,-0.39241739267419806,0,0,0,1,0,1,0
0.0,0,-0.2237208395992682,0.481287771858981,-0.444999501816175,-0.23773569741218548,0,0,0,1,0,1,0
0.0,1,-1.0002225740985156,-0.47908676070718687,-0.444999501816175,-0.4762838743240705,0,0,0,1,0,0,1
0.0,0,1.0963321090494522,0.481287771858981,-0.444999501816175,-0.14105963787342762,0,0,0,1,0,1,0
0.0,1,-0.3013710130491929,-0.47908676070718687,-0.444999501816175,-0.4911081812937436,0,0,0,1,0,0,1
0.0,1,0.3198303745502049,0.481287771858981,-0.444999501816175,-0.23773569741218548,0,0,0,1,0,1,0
0.0,1,1.6398833231989254,-0.47908676070718687,-0.444999501816175,-0.5073806956353073,0,0,0,1,0,0,1
0.0,0,0.0,0.481287771858981,-0.444999501816175,-0.3643001275179457,0,1,0,0,0,0,1
0.0,1,0.0,-0.47908676070718687,-0.444999501816175,-0.4762838743240705,0,0,0,1,0,0,1
0.0,1,-0.3013710130491929,0.481287771858981,-0.444999501816175,-0.49191252610910613,0,0,0,1,0,0,1
0.0,1,2.6493355780479466,-0.47908676070718687,-0.444999501816175,-0.14105963787342762,0,0,0,1,1,0,0
0.0,1,0.5527808948999791,-0.47908676070718687,0.7107630931786129,-0.06951935381474683,1,1,0,0,1,0,0
0.0,1,-0.14607066614934347,-0.47908676070718687,-0.444999501816175,-0.4930417024845188,0,0,0,1,0,0,1
0.0,0,-0.6119717068488918,-0.47908676070718687,-0.444999501816175,-0.44043252440471753,0,0,0,1,0,0,1
0.0,1,2.494035231148097,-0.47908676070718687,-0.444999501816175,-0.13042527132416426,1,0,0,1,1,0,0
0.0,0,-0.534321533398967,-0.47908676070718687,-0.444999501816175,-0.4905435931060373,0,0,0,1,0,0,1
0.0,1,1.2516324559493017,0.481287771858981,-0.444999501816175,0.5390564409817339,1,0,0,1,1,0,0
0.0,1,-0.9225724006485907,-0.47908676070718687,-0.444999501816175,-0.4214202105358254,0,0,0,1,0,1,0
0.0,1,0.3198303745502049,-0.47908676070718687,-0.444999501816175,-0.39241739267419806,0,0,0,1,0,1,0
0.0,0,-0.37902118649911765,-0.47908676070718687,-0.444999501816175,-0.49344387489220004,0,0,0,1,0,0,1
0.0,1,2.804635924947796,-0.47908676070718687,-0.444999501816175,-0.440755422443577,0,0,0,1,0,1,0
0.0,1,0.0,-0.47908676070718687,-0.444999501816175,-0.5039970335514509,0,1,0,0,0,0,1
0.0,1,0.0,-0.47908676070718687,-0.444999501816175,-0.4911081812937436,0,0,0,1,0,0,1
0.0,1,0.0,-0.47908676070718687,-0.444999501816175,-0.17682977990276808,0,0,1,0,0,0,1
0.0,1,0.0,-0.47908676070718687,-0.444999501816175,-0.49425015322875326,0,0,1,0,0,0,1
0.0,1,-1.1555229209983648,0.481287771858981,0.7107630931786129,-0.5039970335514509,0,1,0,0,0,0,1
0.0,1,0.47513072145005436,0.481287771858981,-0.444999501816175,0.8808063114512428,1,0,0,1,1,0,0
0.0,1,0.08687985420043072,-0.47908676070718687,-0.444999501816175,-0.49344387489220004,0,0,0,1,0,0,1
0.0,1,-0.37902118649911765,-0.47908676070718687,-0.444999501816175,-0.39241739267419806,0,0,0,1,0,1,0
0.0,1,0.0,-0.47908676070718687,-0.444999501816175,-0.48812669161756833,0,0,0,1,0,0,1
0.0,1,-0.3013710130491929,1.4416623044251486,-0.444999501816175,-0.4762838743240705,0,0,0,1,0,0,1
0.0,1,1.3292826293992264,-0.47908676070718687,-0.444999501816175,-0.46975824030520436,0,0,0,1,0,0,1
0.0,1,-1.0002225740985156,0.481287771858981,-0.444999501816175,-0.5073806956353073,0,0,0,1,0,0,1
0.0,1,-0.7672720537487413,-0.47908676070718687,-0.444999501816175,-0.49191252610910613,0,0,0,1,0,0,1
0.0,1,0.0,-0.47908676070718687,-0.444999501816175,-0.13042527132416426,1,0,0,1,1,0,0
0.0,1,0.0,-0.47908676070718687,-0.444999501816175,0.4485831174229828,0,0,0,1,0,0,1
0.0,1,3.115236618747495,-0.47908676070718687,-0.444999501816175,-0.440755422443577,0,0,0,1,0,1,0
0.0,0,1.5622331497490005,-0.47908676070718687,-0.444999501816175,-0.08861287557365152,1,1,0,0,1,0,0
0.0,1,0.009229680750505998,-0.47908676070718687,-0.444999501816175,-0.5040782414414634,0,1,0,0,0,0,1
0.0,1,-2.1649751758473865,3.3624113695574844,0.7107630931786129,0.123591075113922,0,0,0,1,0,0,1
0.0,1,0.0,-0.47908676070718687,-0.444999501816175,-0.14105963787342762,1,0,0,1,1,0,0
0.0,1,-1.0002225740985156,-0.47908676070718687,-0.444999501816175,-0.5060117626322386,0,0,0,1,0,0,1
0.0,1,0.24218020110028018,-0.47908676070718687,-0.444999501816175,-0.5470990879362106,1,0,0,1,1,0,0
0.0,1,0.0,-0.47908676070718687,-0.444999501816175,-0.48812669161756833,0,0,0,1,0,0,1
0.0,1,-0.37902118649911765,-0.47908676070718687,-0.444999501816175,-0.50746190352532,0,0,0,1,0,0,1
0.0,0,0.009229680750505998,-0.47908676070718687,-0.444999501816175,-0.4762838743240705,0,0,0,1,0,0,1
0.0,1,2.4163850576981725,-0.47908676070718687,-0.444999501816175,0.00395445143470916,1,0,0,1,1,0,0
0.0,1,0.0,-0.47908676070718687,-0.444999501816175,-0.49392725518989383,0,0,1,0,0,0,1
0.0,1,-0.7672720537487413,-0.47908676070718687,-0.444999501816175,-0.46540781762596023,0,0,0,1,0,0,1
0.0,1,0.0,0.481287771858981,-0.444999501816175,-0.3440793629048191,0,0,1,0,0,0,1
0.0,1,0.009229680750505998,-0.47908676070718687,-0.444999501816175,-0.5039970335514509,0,1,0,0,0,0,1
0.0,1,0.0,0.481287771858981,-0.444999501816175,-0.49392725518989383,0,0,1,0,0,0,1
0.0,1,-0.6896218802988165,-0.47908676070718687,-0.444999501816175,-0.4929604945945062,0,0,0,1,0,0,1
0.0,1,1.2516324559493017,-0.47908676070718687,-0.444999501816175,0.8875736356189561,1,1,0,0,1,0,0
0.0,1,-2.1649751758473865,3.3624113695574844,0.7107630931786129,-0.08063710066170397,0,0,1,0,0,0,1
0.0,1,-0.9225724006485907,0.481287771858981,-0.444999501816175,-0.5181774779645959,0,0,0,1,0,0,1
0.0,1,0.0,2.4020368369913165,0.7107630931786129,-0.15137110638383156,0,0,0,1,0,0,1
0.0,1,-0.2237208395992682,-0.47908676070718687,1.8665256881734007,3.445622171014489,1,1,0,0,1,0,0
0.0,1,1.9504840169986242,-0.47908676070718687,-0.444999501816175,-0.05405118428854556,1,0,0,1,1,0,0
0.0,1,2.028134190448549,-0.47908676070718687,-0.444999501816175,-0.13042527132416426,0,0,0,1,1,0,0
0.0,0,-1.6214239616979134,2.4020368369913165,1.8665256881734007,-0.10432273524869967,0,0,0,1,0,0,1
0.0,0,0.0,0.481287771858981,-0.444999501816175,-0.3642208531491239,0,1,0,0,0,0,1
0.0,1,-0.2237208395992682,-0.47908676070718687,-0.444999501816175,-0.4911081812937436,0,0,0,1,0,0,1
0.0,1,1.0186819355995274,-0.47908676070718687,-0.444999501816175,-0.48812669161756833,0,0,0,1,0,0,1
0.0,1,-0.4954964466740047,-0.47908676070718687,-0.444999501816175,-0.5039970335514509,0,1,0,0,0,0,1
0.0,0,-1.1943480077233273,0.481287771858981,-0.444999501816175,-0.3643001275179457,0,1,0,0,0,0,1
0.0,1,0.9410317621496027,-0.47908676070718687,-0.444999501816175,-0.495860776380669,1,0,0,1,0,0,1
0.0,1,0.009229680750505998,-0.47908676070718687,-0.444999501816175,-0.39241739267419806,0,0,0,1,0,1,0
0.0,1,0.16453002765035546,-0.47908676070718687,-0.444999501816175,-0.49392725518989383,0,0,1,0,0,0,1
0.0,1,0.47513072145005436,0.481287771858981,-0.444999501816175,-0.3431126023094315,0,0,0,1,0,0,1
0.0,1,-0.37902118649911765,-0.47908676070718687,-0.444999501816175,-0.50746190352532,0,0,0,1,0,0,1
0.0,1,-0.45667135994904234,-0.47908676070718687,-0.444999501816175,-0.4988422660568443,0,0,0,1,0,0,1
0.0,1,1.4845829762990759,0.481287771858981,0.7107630931786129,1.5001769550558215,1,1,0,0,1,0,0
0.0,1,0.39748054800012966,-0.47908676070718687,-0.444999501816175,-0.48812669161756833,0,0,0,1,0,0,1
0.0,1,-0.45667135994904234,-0.47908676070718687,-0.444999501816175,-0.440755422443577,0,0,0,1,0,1,0
0.0,1,1.3292826293992264,-0.47908676070718687,-0.444999501816175,-0.5035948611437696,0,0,0,1,0,0,1
0.0,1,2.1834345373483983,-0.47908676070718687,1.8665256881734007,1.546420981375591,1,1,0,0,1,0,0
0.0,1,1.1739822824993769,-0.47908676070718687,-0.444999501816175,0.0426248752502123,1,0,0,1,1,0,0
0.0,1,0.0,-0.47908676070718687,-0.444999501816175,-0.14250977876650897,0,0,0,1,1,0,0
0.0,1,-0.6896218802988165,0.481287771858981,-0.444999501816175,-0.4214202105358254,0,0,0,1,0,1,0
0.0,0,1.3292826293992264,0.481287771858981,-0.444999501816175,-0.3634145748125707,0,0,0,1,0,0,1
0.0,1,0.0,-0.47908676070718687,-0.444999501816175,-0.5040782414414634,0,1,0,0,0,0,1
0.0,1,-0.14607066614934347,-0.47908676070718687,-0.444999501816175,0.4485831174229828,0,0,0,1,0,0,1
0.0,1,0.7080812417998286,-0.47908676070718687,-0.444999501816175,-0.39241739267419806,0,0,0,1,0,1,0
0.0,1,0.0,-0.47908676070718687,-0.444999501816175,-0.49392725518989383,1,0,1,0,0,0,1
0.0,1,0.3198303745502049,-0.47908676070718687,-0.444999501816175,-0.5181774779645959,0,0,0,1,0,0,1
0.0,1,1.2128073692243393,-0.47908676070718687,-0.444999501816175,-0.5040782414414634,0,1,0,0,0,0,1
0.0,1,0.0,-0.47908676070718687,-0.444999501816175,-0.4911081812937436,0,0,0,1,0,0,1
0.0,1,1.5622331497490005,-0.47908676070718687,-0.444999501816175,-0.48812669161756833,0,0,0,1,0,0,1
0.0,1,-0.7672720537487413,-0.47908676070718687,-0.444999501816175,-0.4600906343513286,0,0,0,1,0,0,1
0.0,1,0.0,-0.47908676070718687,-0.444999501816175,-0.5035948611437696,0,0,0,1,0,0,1
0.0,1,-0.06842049269941873,0.481287771858981,-0.444999501816175,-0.23773569741218548,0,0,0,1,0,1,0
0.0,1,0.16453002765035546,-0.47908676070718687,-0.444999501816175,-0.440755422443577,0,0,0,1,0,1,0
0.0,1,-0.6896218802988165,-0.47908676070718687,-0.444999501816175,-0.48812669161756833,0,0,0,1,0,0,1
0.0,1,-0.45667135994904234,-0.47908676070718687,-0.444999501816175,-0.4600906343513286,0,0,0,1,0,0,1
0.0,1,0.39748054800012966,-0.47908676070718687,-0.444999501816175,-0.48812669161756833,0,0,0,1,0,0,1
0.0,0,-2.1649751758473865,2.4020368369913165,1.8665256881734007,-0.10432273524869967,0,0,0,1,0,0,1
0.0,1,1.6398833231989254,-0.47908676070718687,-0.444999501816175,-0.49392725518989383,0,0,0,1,0,0,1
0.0,1,1.5622331497490005,0.481287771858981,-0.444999501816175,1.4139747798074924,1,1,0,0,1,0,0
0.0,1,0.7080812417998286,-0.47908676070718687,-0.444999501816175,-0.14105963787342762,0,0,0,1,0,1,0
0.0,1,-0.844922227198666,-0.47908676070718687,-0.444999501816175,-0.48603268816795886,0,0,0,1,0,0,1
0.0,1,1.6398833231989254,-0.47908676070718687,-0.444999501816175,-0.4016016183303801,0,0,0,1,0,1,0
0.0,1,0.16453002765035546,-0.47908676070718687,-0.444999501816175,-0.48208443789639593,0,0,0,1,0,0,1
0.0,0,0.08687985420043072,-0.47908676070718687,-0.444999501816175,-0.49191252610910613,0,0,0,1,0,0,1
0.0,1,3.1928867921974198,-0.47908676070718687,-0.444999501816175,0.31339904984874684,0,1,0,0,1,0,0
0.0,0,-0.06842049269941873,0.481287771858981,0.7107630931786129,-0.4414804928901177,1,0,0,1,0,0,1
0.0,0,-0.9225724006485907,-0.47908676070718687,0.7107630931786129,-0.3643001275179457,0,1,0,0,0,0,1
0.0,1,0.0,0.481287771858981,1.8665256881734007,-0.19036442823819416,0,0,0,1,0,0,1
0.0,1,0.0,-0.47908676070718687,-0.444999501816175,-0.4977942975714441,0,0,0,1,0,0,1
0.0,1,0.9410317621496027,-0.47908676070718687,-0.444999501816175,-0.4762838743240705,0,0,0,1,0,0,1
0.0,1,0.7080812417998286,-0.47908676070718687,-0.444999501816175,-0.4905435931060373,0,0,0,1,0,0,1
0.0,1,-0.844922227198666,0.481287771858981,-0.444999501816175,0.38292460482664,1,0,0,1,1,0,0
0.0,1,-1.0778727475484402,-0.47908676070718687,-0.444999501816175,-0.48812669161756833,0,0,0,1,0,0,1
0.0,1,2.4163850576981725,-0.47908676070718687,-0.444999501816175,-0.5231717632003681,0,0,0,1,0,0,1
0.0,1,0.0,-0.47908676070718687,-0.444999501816175,-0.48812669161756833,0,0,0,1,0,0,1
0.0,1,-0.6896218802988165,-0.47908676070718687,-0.444999501816175,-0.4762838743240705,0,0,0,1,0,0,1
0.0,1,0.9410317621496027,-0.47908676070718687,0.7107630931786129,-0.48127815955984277,0,0,0,1,0,0,1
0.0,0,0.0,-0.47908676070718687,-0.444999501816175,-0.4962629487883502,0,0,1,0,0,0,1
0.0,1,-0.6119717068488918,-0.47908676070718687,-0.444999501816175,-0.48812669161756833,0,0,0,1,0,0,1
0.0,1,-0.844922227198666,-0.47908676070718687,-0.444999501816175,-0.4911081812937436,0,0,0,1,0,0,1
0.0,1,-0.3013710130491929,0.481287771858981,1.8665256881734007,-0.2459531624729799,0,0,0,1,0,0,1
0.0,1,0.47513072145005436,0.481287771858981,0.7107630931786129,-0.17682977990276808,0,0,0,1,0,0,1
0.0,1,-0.2237208395992682,-0.47908676070718687,-0.444999501816175,-0.39241739267419806,0,0,0,1,0,1,0
0.0,1,0.24218020110028018,-0.47908676070718687,-0.444999501816175,-0.49344387489220004,0,0,0,1,0,0,1
0.0,1,-0.45667135994904234,-0.47908676070718687,-0.444999501816175,0.8875736356189561,1,1,0,0,1,0,0
0.0,1,0.0,-0.47908676070718687,-0.444999501816175,-0.4600906343513286,0,0,0,1,0,0,1
0.0,1,-1.7767243085977626,3.3624113695574844,0.7107630931786129,0.123591075113922,0,0,0,1,0,0,1
0.0,1,-0.7284469670237789,-0.47908676070718687,-0.444999501816175,-0.5035948611437696,0,0,0,1,0,0,1
0.0,1,0.39748054800012966,-0.47908676070718687,-0.444999501816175,-0.50746190352532,0,0,0,1,0,0,1
0.0,1,2.028134190448549,-0.47908676070718687,-0.444999501816175,-0.05026534979700783,1,1,0,0,1,0,0
0.0,0,-0.6119717068488918,-0.47908676070718687,-0.444999501816175,-0.45356500033246244,0,0,0,1,0,0,1
0.0,0,-0.7672720537487413,0.481287771858981,-0.444999501816175,-0.45380669048130934,0,0,0,1,0,0,1
0.0,1,0.0,-0.47908676070718687,-0.444999501816175,-0.4911081812937436,0,0,0,1,0,0,1
0.0,1,-0.534321533398967,-0.47908676070718687,-0.444999501816175,-0.440755422443577,0,0,0,1,0,1,0
0.0,1,-0.37902118649911765,-0.47908676070718687,-0.444999501816175,-0.4911081812937436,0,0,0,1,0,0,1
0.0,1,0.08687985420043072,0.481287771858981,0.7107630931786129,0.07170890100185216,0,1,0,0,0,1,0
0.0,1,0.0,-0.47908676070718687,-0.444999501816175,-0.49344387489220004,0,0,0,1,0,0,1
0.0,1,1.3292826293992264,-0.47908676070718687,-0.444999501816175,0.014024229796266203,1,0,0,1,1,0,0
0.0,1,0.009229680750505998,-0.47908676070718687,-0.444999501816175,-0.5035948611437696,0,0,0,1,0,0,1
0.0,1,0.6304310683499038,-0.47908676070718687,-0.444999501816175,-0.4911081812937436,0,0,0,1,0,0,1
0.0,0,0.0,2.4020368369913165,0.7107630931786129,-0.15137110638383156,0,0,0,1,0,0,1
0.0,0,-2.1649751758473865,0.481287771858981,1.8665256881734007,2.2864762171447826,1,0,0,1,1,0,0
0.0,1,-1.0778727475484402,-0.47908676070718687,-0.444999501816175,-0.14105963787342762,0,0,0,1,0,1,0
0.0,1,0.009229680750505998,-0.47908676070718687,-0.444999501816175,-0.48812669161756833,0,0,0,1,0,0,1
0.0,1,0.0,-0.47908676070718687,-0.444999501816175,-0.04438357833466977,0,0,0,1,1,0,0
0.0,1,-0.534321533398967,-0.47908676070718687,-0.444999501816175,-0.49191252610910613,0,0,0,1,0,0,1
0.0,1,2.261084710798323,-0.47908676070718687,-0.444999501816175,-0.5035948611437696,0,0,0,1,0,0,1
0.0,0,0.6304310683499038,-0.47908676070718687,-0.444999501816175,-0.39241739267419806,0,0,0,1,0,1,0
0.0,1,3.1928867921974198,-0.47908676070718687,-0.444999501816175,0.02627115301863608,1,1,0,0,1,0,0
0.0,1,0.0,-0.47908676070718687,-0.444999501816175,-0.5040782414414634,0,1,0,0,0,0,1
0.0,1,0.5527808948999791,1.4416623044251486,-0.444999501816175,-0.4905435931060373,0,0,0,1,0,0,1
0.0,1,0.3198303745502049,0.481287771858981,-0.444999501816175,-0.14105963787342762,0,0,0,1,0,1,0
0.0,1,0.0,7.203909499822155,1.8665256881734007,0.7009888407091532,0,0,0,1,0,0,1
0.0,1,0.0,-0.47908676070718687,-0.444999501816175,-0.6437751474749684,0,0,0,1,0,1,0
0.0,0,-1.2331730944482897,-0.47908676070718687,-0.444999501816175,-0.49191252610910613,0,0,0,1,0,0,1
0.0,1,0.24218020110028018,-0.47908676070718687,-0.444999501816175,-0.47644435658290485,0,0,0,1,0,0,1
0.0,0,-0.6896218802988165,1.4416623044251486,1.8665256881734007,0.020872761853991784,0,0,0,1,0,0,1
0.0,1,-0.6119717068488918,-0.47908676070718687,-0.444999501816175,-0.4930417024845188,0,0,0,1,0,0,1
0.0,1,-0.9225724006485907,0.481287771858981,0.7107630931786129,-0.49191252610910613,0,0,0,1,0,0,1
0.0,1,0.0,-0.47908676070718687,-0.444999501816175,-0.5035948611437696,0,0,0,1,0,0,1
0.0,1,1.2516324559493017,-0.47908676070718687,-0.444999501816175,-0.14105963787342762,0,0,0,1,0,1,0
0.0,0,0.048054767475468364,-0.47908676070718687,-0.444999501816175,-0.49392725518989383,0,0,1,0,0,0,1
0.0,1,0.0,-0.47908676070718687,-0.444999501816175,-0.6437751474749684,0,0,0,1,0,1,0
0.0,1,0.009229680750505998,-0.47908676070718687,-0.444999501816175,-0.4911081812937436,0,0,0,1,0,0,1
0.0,1,1.8728338435486995,-0.47908676070718687,0.7107630931786129,0.850595042845381,1,0,0,1,1,0,0
0.0,1,-0.45667135994904234,0.481287771858981,-0.444999501816175,-0.33247823576016816,0,0,0,1,0,0,1
0.0,1,-0.6896218802988165,1.4416623044251486,-0.444999501816175,0.777362927744772,0,0,0,1,0,1,0
0.0,1,-0.7672720537487413,-0.47908676070718687,-0.444999501816175,-0.5661926096951153,0,1,0,0,0,0,1
0.0,0,-1.8543744820476875,3.3624113695574844,1.8665256881734007,-0.03906639506003812,0,0,0,1,0,0,1
0.0,1,0.0,-0.47908676070718687,-0.444999501816175,-0.5040782414414634,0,1,0,0,0,0,1
0.0,1,0.2033551143753178,0.481287771858981,-0.444999501816175,-0.06234985723935256,0,1,0,0,0,1,0
0.0,0,1.0186819355995274,0.481287771858981,6.4895760681525525,0.2630462909985802,0,0,0,1,0,0,1
0.0,1,-0.45667135994904234,-0.47908676070718687,-0.444999501816175,-0.4930417024845188,0,0,0,1,0,0,1
0.0,1,-1.5437737882479885,2.4020368369913165,1.8665256881734007,-0.10432273524869967,0,0,0,1,0,0,1
0.0,1,-0.6896218802988165,-0.47908676070718687,-0.444999501816175,-0.49191252610910613,0,0,0,1,0,0,1
0.0,1,-0.41784627322408,-0.47908676070718687,-0.444999501816175,-0.48812669161756833,0,0,0,1,0,0,1
0.0,1,0.5527808948999791,0.481287771858981,-0.444999501816175,-0.14105963787342762,0,0,0,1,0,1,0
0.0,1,2.6493355780479466,0.481287771858981,4.178050878162977,4.441385584263695,1,0,0,1,1,0,0
0.0,1,0.0,-0.47908676070718687,-0.444999501816175,-0.48812669161756833,0,0,0,1,0,0,1
0.0,1,-0.844922227198666,-0.47908676070718687,-0.444999501816175,-0.39241739267419806,0,0,0,1,0,1,0
0.0,0,-0.3013710130491929,0.481287771858981,0.7107630931786129,-0.14105963787342762,0,0,0,1,0,1,0
0.0,1,-0.9225724006485907,-0.47908676070718687,-0.444999501816175,-0.4832928886406304,0,0,0,1,0,0,1
0.0,1,-0.37902118649911765,-0.47908676070718687,-0.444999501816175,-0.39241739267419806,0,0,0,1,0,1,0
0.0,1,-0.45667135994904234,-0.47908676070718687,-0.444999501816175,-0.48812669161756833,0,0,0,1,0,0,1
0.0,1,-0.14607066614934347,-0.47908676070718687,-0.444999501816175,-0.4600906343513286,0,0,0,1,0,0,1
0.0,1,-0.844922227198666,-0.47908676070718687,-0.444999501816175,-0.48812669161756833,0,0,0,1,0,0,1
0.0,1,0.0,-0.47908676070718687,-0.444999501816175,0.032957269296336515,1,0,0,1,1,0,0
0.0,1,0.0,-0.47908676070718687,-0.444999501816175,-0.4911081812937436,0,0,0,1,0,0,1
0.0,1,-0.45667135994904234,-0.47908676070718687,-0.444999501816175,-0.39241739267419806,0,0,0,1,0,1,0
0.0,1,0.3198303745502049,-0.47908676070718687,-0.444999501816175,-0.48812669161756833,0,0,0,1,0,0,1
0.0,1,0.47513072145005436,-0.47908676070718687,-0.444999501816175,-0.4988422660568443,0,0,0,1,0,0,1
0.0,1,-0.534321533398967,-0.47908676070718687,-0.444999501816175,-0.4911081812937436,0,0,0,1,0,0,1
0.0,1,1.8728338435486995,-0.47908676070718687,-0.444999501816175,0.35899728009079734,1,0,0,1,1,0,0
0.0,1,0.0,-0.47908676070718687,-0.444999501816175,3.644372681256649,1,0,0,1,1,0,0
0.0,1,-0.45667135994904234,1.4416623044251486,-0.444999501816175,-0.17682977990276808,0,0,0,1,0,0,1
0.0,0,0.0,0.481287771858981,1.8665256881734007,-0.19036442823819416,0,0,0,1,0,0,1
0.0,0,1.1739822824993769,-0.47908676070718687,-0.444999501816175,-0.49392725518989383,0,0,0,1,0,0,1
0.0,1,-1.6214239616979134,3.3624113695574844,1.8665256881734007,-0.03689118372041605,0,0,0,1,0,0,1
0.0,1,0.0,-0.47908676070718687,-0.444999501816175,-0.4911081812937436,0,0,0,1,0,0,1
0.0,1,-2.242625349297311,3.3624113695574844,0.7107630931786129,0.123591075113922,0,0,0,1,0,0,1
0.0,1,0.16453002765035546,0.481287771858981,-0.444999501816175,-0.3373120387371061,0,0,0,1,0,0,1
0.0,0,-0.14607066614934347,0.481287771858981,0.7107630931786129,-0.3653480960033459,0,0,0,1,0,0,1
0.0,1,0.3198303745502049,-0.47908676070718687,-0.444999501816175,-0.39241739267419806,0,0,0,1,0,1,0
0.0,1,0.009229680750505998,0.481287771858981,-0.444999501816175,-0.17973006168893077,0,1,0,0,0,1,0
0.0,1,-0.9225724006485907,-0.47908676070718687,-0.444999501816175,-0.4930417024845188,0,0,0,1,0,0,1
0.0,1,1.8728338435486995,-0.47908676070718687,-0.444999501816175,-0.14105963787342762,0,0,0,1,0,1,0
0.0,1,-0.37902118649911765,-0.47908676070718687,-0.444999501816175,-0.495860776380669,1,0,0,1,0,0,1
0.0,1,0.0,0.481287771858981,-0.444999501816175,-0.2577147718764652,0,0,0,1,0,0,1
0.0,1,0.5527808948999791,0.481287771858981,-0.444999501816175,0.38292460482664,1,0,0,1,1,0,0
0.0,1,-0.2237208395992682,-0.47908676070718687,-0.444999501816175,-0.14105963787342762,0,0,0,1,0,1,0
0.0,1,0.009229680750505998,-0.47908676070718687,-0.444999501816175,-0.39241739267419806,0,0,0,1,0,1,0
0.0,1,0.0,-0.47908676070718687,-0.444999501816175,0.36165587172811325,1,0,0,1,1,0,0
0.0,1,-0.534321533398967,-0.47908676070718687,-0.444999501816175,-0.39241739267419806,0,0,0,1,0,1,0
0.0,1,-0.14607066614934347,1.4416623044251486,-0.444999501816175,-0.4905435931060373,0,0,0,1,0,0,1
0.0,1,-2.009674828947537,3.3624113695574844,0.7107630931786129,-0.08063710066170397,0,0,1,0,0,0,1
0.0,1,-0.6119717068488918,-0.47908676070718687,-0.444999501816175,-0.5035948611437696,0,0,0,1,0,0,1
0.0,1,-0.6896218802988165,-0.47908676070718687,-0.444999501816175,-0.33247823576016816,0,0,0,1,0,0,1
0.0,1,0.0,-0.47908676070718687,-0.444999501816175,-0.48812669161756833,0,0,0,1,0,0,1
0.0,0,0.7080812417998286,0.481287771858981,5.333813473157765,-0.03906639506003812,0,0,0,1,0,0,1
0.0,1,0.0,-0.47908676070718687,-0.444999501816175,-0.4911081812937436,0,0,0,1,0,0,1
0.0,0,0.0,7.203909499822155,1.8665256881734007,0.7009888407091532,0,0,0,1,0,0,1
0.0,1,0.0,-0.47908676070718687,-0.444999501816175,0.3229854479126101,1,0,0,1,1,0,0
0.0,1,1.4845829762990759,-0.47908676070718687,-0.444999501816175,-0.6437751474749684,0,0,0,1,0,0,1
0.0,1,0.0,-0.47908676070718687,-0.444999501816175,-0.10778760522256871,0,1,0,0,1,0,0
0.0,1,0.6304310683499038,-0.47908676070718687,-0.444999501816175,-0.50746190352532,0,0,0,1,0,0,1
0.0,1,-1.0778727475484402,-0.47908676070718687,-0.444999501816175,-0.4655682998847946,0,0,0,1,0,0,1
0.0,1,-0.844922227198666,-0.47908676070718687,-0.444999501816175,-0.440755422443577,0,0,0,1,0,1,0
0.0,1,0.0,-0.47908676070718687,-0.444999501816175,-0.5039970335514509,0,1,0,0,0,0,1
0.0,1,0.0,7.203909499822155,1.8665256881734007,0.7009888407091532,0,0,0,1,0,0,1
0.0,1,-0.06842049269941873,-0.47908676070718687,-0.444999501816175,-0.49344387489220004,0,0,0,1,0,0,1
0.0,1,0.47513072145005436,-0.47908676070718687,-0.444999501816175,-0.39241739267419806,0,0,0,1,0,1,0
0.0,1,-1.4661236147980639,4.322785902123652,1.8665256881734007,0.2630462909985802,0,0,0,1,0,0,1
0.0,1,-2.009674828947537,2.4020368369913165,1.8665256881734007,-0.10432273524869967,0,0,0,1,0,0,1
0.0,1,0.0,-0.47908676070718687,-0.444999501816175,-0.4943294275975751,0,0,1,0,0,0,1
0.0,1,3.1540617054724573,-0.47908676070718687,-0.444999501816175,-0.49392725518989383,0,0,1,0,0,0,1
0.0,1,0.0,0.481287771858981,-0.444999501816175,-0.17682977990276808,0,0,1,0,0,0,1
0.0,1,-0.1072455794243811,-0.47908676070718687,-0.444999501816175,-0.5039970335514509,0,1,0,0,0,0,1
0.0,1,0.6304310683499038,-0.47908676070718687,-0.444999501816175,-0.6437751474749684,0,0,0,1,1,0,0
0.0,1,0.0,1.4416623044251486,-0.444999501816175,-0.2246032214844406,0,1,0,0,0,0,1
0.0,0,-1.0778727475484402,4.322785902123652,1.8665256881734007,0.2630462909985802,0,0,0,1,0,0,1
0.0,0,-0.14607066614934347,-0.47908676070718687,-0.444999501816175,-0.4911081812937436,0,0,0,1,0,0,1
0.0,0,0.0,2.4020368369913165,0.7107630931786129,-0.15137110638383156,0,0,0,1,0,0,1
0.0,1,0.0,-0.47908676070718687,-0.444999501816175,-0.48812669161756833,0,0,0,1,0,0,1
0.0,1,-0.844922227198666,-0.47908676070718687,-0.444999501816175,-0.3634145748125707,0,0,0,1,0,0,1
0.0,1,1.71753349664885,-0.47908676070718687,-0.444999501816175,-0.3827497867203223,0,0,0,1,0,1,0
0.0,1,3.115236618747495,0.481287771858981,0.7107630931786129,0.729024897975393,1,0,0,1,1,0,0
0.0,1,0.0,-0.47908676070718687,-0.444999501816175,-0.48812669161756833,0,0,0,1,0,0,1
0.0,1,-0.06842049269941873,0.481287771858981,-0.444999501816175,-0.10778760522256871,0,1,0,0,0,1,0
0.0,1,0.3198303745502049,-0.47908676070718687,-0.444999501816175,-0.48812669161756833,0,0,0,1,0,0,1
0.0,1,0.47513072145005436,-0.47908676070718687,-0.444999501816175,0.13205023032356333,1,1,0,0,1,0,0
0.0,0,0.0,-0.47908676070718687,-0.444999501816175,-0.49392725518989383,0,0,1,0,0,0,1
0.0,1,1.8728338435486995,-0.47908676070718687,-0.444999501816175,-0.3730821807664465,0,0,0,1,0,1,0
0.0,1,-1.0778727475484402,-0.47908676070718687,-0.444999501816175,-0.440755422443577,0,0,0,1,0,1,0
0.0,1,-0.6896218802988165,-0.47908676070718687,-0.444999501816175,-0.48812669161756833,0,0,0,1,0,0,1
0.0,1,0.0,7.203909499822155,1.8665256881734007,0.7009888407091532,0,0,0,1,0,0,1
0.0,1,-0.7672720537487413,-0.47908676070718687,-0.444999501816175,-0.48812669161756833,0,0,0,1,0,0,1
0.0,1,0.0,-0.47908676070718687,-0.444999501816175,-0.3440793629048191,0,0,1,0,0,0,1
0.0,1,-0.7672720537487413,-0.47908676070718687,-0.444999501816175,-0.4534045180736281,0,0,0,1,0,0,1
0.0,0,0.0,-0.47908676070718687,-0.444999501816175,-0.48812669161756833,0,0,0,1,0,0,1
0.0,1,0.009229680750505998,-0.47908676070718687,-0.444999501816175,-0.48812669161756833,0,0,0,1,0,0,1
0.0,1,0.7080812417998286,-0.47908676070718687,-0.444999501816175,-0.17682977990276808,0,0,0,1,0,0,1
0.0,1,-0.7672720537487413,-0.47908676070718687,-0.444999501816175,-0.4905435931060373,0,0,0,1,0,0,1
0.0,1,0.0,-0.47908676070718687,-0.444999501816175,-0.5035948611437696,0,0,0,1,0,0,1
0.0,1,0.0,-0.47908676070718687,-0.444999501816175,-0.6437751474749684,0,0,0,1,1,0,0
0.0,1,2.1057843638984735,-0.47908676070718687,-0.444999501816175,-0.40498528041423654,0,0,1,0,0,1,0
0.0,0,0.0,2.4020368369913165,0.7107630931786129,-0.15137110638383156,0,0,0,1,0,0,1
0.0,1,-0.6119717068488918,0.481287771858981,-0.444999501816175,-0.5035948611437696,0,0,0,1,0,0,1
0.0,1,-0.6119717068488918,-0.47908676070718687,-0.444999501816175,-0.48812669161756833,0,0,0,1,0,0,1
0.0,1,0.9410317621496027,0.481287771858981,-0.444999501816175,-0.12172442596567605,0,0,0,1,0,1,0
0.0,1,-0.3013710130491929,0.481287771858981,-0.444999501816175,-0.3643001275179457,0,1,0,0,0,0,1
0.0,1,2.726985751497871,-0.47908676070718687,-0.444999501816175,-0.13042527132416426,1,0,0,1,1,0,0
0.0,0,-1.6214239616979134,1.4416623044251486,1.8665256881734007,0.020872761853991784,0,0,0,1,0,0,1
0.0,1,-0.14607066614934347,0.481287771858981,-0.444999501816175,-0.3373120387371061,0,0,0,1,0,0,1
0.0,1,0.16453002765035546,-0.47908676070718687,-0.444999501816175,-0.4905435931060373,0,0,0,1,0,0,1
0.0,1,-1.0778727475484402,-0.47908676070718687,-0.444999501816175,-0.49344387489220004,0,0,0,1,0,0,1
0.0,1,-0.9225724006485907,-0.47908676070718687,-0.444999501816175,0.777362927744772,0,0,0,1,0,1,0
0.0,1,0.0,-0.47908676070718687,-0.444999501816175,-0.4941689453387407,0,0,1,0,0,0,1
0.0,1,0.0,-0.47908676070718687,-0.444999501816175,-0.5039970335514509,0,1,0,0,0,0,1
0.0,1,0.0,-0.47908676070718687,-0.444999501816175,-0.3634145748125707,0,0,0,1,0,0,1
0.0,1,0.0,-0.47908676070718687,-0.444999501816175,-0.49239590640679987,0,0,1,0,0,0,1
0.0,1,-0.9225724006485907,0.481287771858981,0.7107630931786129,-0.25296217678953986,0,0,0,1,0,0,1
0.0,0,2.1057843638984735,-0.47908676070718687,-0.444999501816175,-0.440755422443577,1,0,0,1,0,1,0
0.0,1,-0.6896218802988165,-0.47908676070718687,-0.444999501816175,0.777362927744772,0,0,0,1,0,1,0
0.0,1,-0.534321533398967,1.4416623044251486,0.7107630931786129,-0.4214202105358254,0,0,0,1,0,1,0
0.0,1,0.0,-0.47908676070718687,-0.444999501816175,-0.3518134476679197,0,0,0,1,0,0,1
0.0,1,-0.6119717068488918,-0.47908676070718687,-0.444999501816175,-0.5035948611437696,0,0,0,1,0,0,1
0.0,0,-0.6896218802988165,0.481287771858981,-0.444999501816175,-0.45380669048130934,0,0,0,1,0,0,1
0.0,0,-1.4661236147980639,3.3624113695574844,1.8665256881734007,-0.03906639506003812,0,0,0,1,0,0,1
0.0,1,0.0,-0.47908676070718687,-0.444999501816175,-0.5023864103995351,0,0,0,1,0,0,1
0.0,1,0.6304310683499038,-0.47908676070718687,-0.444999501816175,-0.4762838743240705,0,0,0,1,0,0,1
0.0,1,-0.6896218802988165,-0.47908676070718687,0.7107630931786129,0.850595042845381,1,0,0,1,1,0,0
0.0,1,0.0,-0.47908676070718687,-0.444999501816175,-0.48812669161756833,0,0,0,1,0,0,1
0.0,1,0.9410317621496027,-0.47908676070718687,-0.444999501816175,-0.39241739267419806,0,0,0,1,0,1,0
0.0,1,-0.45667135994904234,-0.47908676070718687,0.7107630931786129,4.142091972101227,1,1,0,0,1,0,0
0.0,1,-0.37902118649911765,-0.47908676070718687,-0.444999501816175,-0.49408773744872814,0,0,1,0,0,0,1
0.0,1,1.406932802849151,-0.47908676070718687,-0.444999501816175,-0.49191252610910613,0,0,0,1,0,0,1
0.0,1,0.7857314152497533,0.481287771858981,0.7107630931786129,-0.3440793629048191,0,0,1,0,0,0,1
0.0,1,-1.0778727475484402,0.481287771858981,0.7107630931786129,-0.2522371063429992,0,0,0,1,0,0,1
0.0,1,0.0,-0.47908676070718687,-0.444999501816175,-0.49392725518989383,0,0,1,0,0,0,1
0.0,1,-2.009674828947537,3.3624113695574844,1.8665256881734007,-0.03906639506003812,0,0,0,1,0,0,1
0.0,1,1.2128073692243393,-0.47908676070718687,-0.444999501816175,-0.0927216081040487,1,0,0,1,1,0,0
0.0,1,0.24218020110028018,-0.47908676070718687,-0.444999501816175,-0.4911081812937436,0,1,0,0,0,0,1
0.0,1,0.0,-0.47908676070718687,-0.444999501816175,-0.49392725518989383,0,0,1,0,0,0,1
0.0,1,0.0,-0.47908676070718687,-0.444999501816175,-0.05026534979700783,0,1,0,0,1,0,0
0.0,1,0.39748054800012966,-0.47908676070718687,-0.444999501816175,-0.5060117626322386,0,0,0,1,0,0,1
0.0,1,-0.7672720537487413,-0.47908676070718687,-0.444999501816175,-0.49191252610910613,0,0,0,1,0,0,1
0.0,1,0.47513072145005436,-0.47908676070718687,-0.444999501816175,-0.440755422443577,0,0,0,1,0,1,0
0.0,1,0.0,-0.47908676070718687,-0.444999501816175,-0.3527802082633073,0,1,0,0,0,1,0
0.0,0,0.009229680750505998,0.481287771858981,0.7107630931786129,-0.17682977990276808,0,0,0,1,0,0,1
0.0,1,-1.0778727475484402,1.4416623044251486,-0.444999501816175,-0.2957413331354402,0,0,0,1,0,0,1
0.0,0,-0.9225724006485907,0.481287771858981,-0.444999501816175,-0.2996083755169905,0,0,0,1,0,0,1
0.0,1,-1.699074135147838,3.3624113695574844,0.7107630931786129,-0.08063710066170397,0,0,1,0,0,0,1
0.0,0,-0.37902118649911765,0.481287771858981,1.8665256881734007,2.2864762171447826,1,0,0,1,1,0,0
0.0,1,0.47513072145005436,-0.47908676070718687,-0.444999501816175,-0.394834294162667,1,1,0,0,0,1,0
0.0,1,0.009229680750505998,0.481287771858981,-0.444999501816175,-0.33247823576016816,0,0,0,1,0,0,1
0.0,1,-0.14607066614934347,-0.47908676070718687,-0.444999501816175,-0.4911081812937436,0,0,0,1,0,0,1
0.0,0,0.863381588699678,-0.47908676070718687,1.8665256881734007,-0.25296217678953986,0,0,0,1,0,0,1
0.0,1,0.0,-0.47908676070718687,-0.444999501816175,-0.48812669161756833,0,0,0,1,0,0,1
0.0,1,1.6398833231989254,-0.47908676070718687,0.7107630931786129,0.5430046912532968,0,1,0,0,1,0,0
0.0,1,-0.9225724006485907,-0.47908676070718687,-0.444999501816175,-0.39241739267419806,0,0,0,1,0,1,0
0.0,0,1.1739822824993769,-0.47908676070718687,0.7107630931786129,-0.3643001275179457,0,1,0,0,0,0,1
0.0,1,0.08687985420043072,0.481287771858981,0.7107630931786129,-0.13622583489648973,0,0,0,1,0,1,0
0.0,1,-0.3013710130491929,-0.47908676070718687,-0.444999501816175,-0.491268663552578,0,0,0,1,0,0,1
0.0,0,-1.699074135147838,2.4020368369913165,0.7107630931786129,-0.23628555651910413,0,0,0,1,0,0,1
0.0,1,0.0,-0.47908676070718687,-0.444999501816175,-0.4911081812937436,0,0,0,1,0,0,1
0.0,1,-0.534321533398967,-0.47908676070718687,-0.444999501816175,-0.39241739267419806,0,0,0,1,0,1,0
0.0,1,0.863381588699678,-0.47908676070718687,-0.444999501816175,-0.5060117626322386,0,0,0,1,0,0,1
0.0,1,0.0,-0.47908676070718687,-0.444999501816175,-0.4911081812937436,0,0,0,1,0,0,1
0.0,1,-0.06842049269941873,0.481287771858981,-0.444999501816175,0.643949965581286,1,0,0,1,1,0,0
0.0,1,0.08687985420043072,-0.47908676070718687,-0.444999501816175,0.3325718459764734,1,0,0,1,1,0,0
0.0,1,1.3292826293992264,-0.47908676070718687,-0.444999501816175,0.36165587172811325,1,0,0,1,1,0,0
0.0,0,-1.6214239616979134,0.481287771858981,0.7107630931786129,-0.3489943737717696,0,1,0,0,0,0,1
0.0,1,0.0,-0.47908676070718687,-0.444999501816175,-0.49392725518989383,0,0,1,0,0,0,1
0.0,1,-2.1649751758473865,2.4020368369913165,0.7107630931786129,-0.23628555651910413,0,0,0,1,0,0,1
0.0,1,2.726985751497871,-0.47908676070718687,-0.444999501816175,-0.49392725518989383,0,0,1,0,0,0,1
0.0,0,0.0,7.203909499822155,1.8665256881734007,0.7009888407091532,0,0,0,1,0,0,1
0.0,1,0.0,-0.47908676070718687,-0.444999501816175,-0.4911081812937436,0,0,0,1,0,0,1
0.0,0,-0.7672720537487413,-0.47908676070718687,-0.444999501816175,-0.4762838743240705,0,0,0,1,0,0,1
